server_id,location,timestamp,cpu_usage,memory_usage,disk_usage,network_latency,power_consumption,temperature,fan_speed,error_logs_count,last_maintenance,operating_system,uptime_days,server_load,redundancy_level,predictive_risk,server_age,failure_event,maintenance_action
ffa13780,EU-West,2025-01-28 16:04:12.209176,69.97,54.24,25.47,17.88,326.05,44.26,3235,16,2024-08-18 16:04:12.209176,Windows,315,65.86,High,0.84,5,1,Software Update
40fe4195,US-East,2024-10-09 03:40:31.637078,45.77,65.38,50.98,19.6,455.48,39.79,1923,3,2024-09-26 03:40:31.637078,Windows,22,65.48,High,0.65,4,1,Software Update
e739e442,US-East,2025-02-25 18:24:51.864251,34.54,60.66,93.56,24.88,245.36,55.26,1296,4,2025-02-18 18:24:51.864251,Red Hat,356,76.12,Medium,0.79,7,1,Replace Fan
b7d8e1cf,EU-West,2025-01-03 08:59:22.249793,38.5,78.57,90.3,17.14,204.02,37.0,3915,3,2024-09-28 08:59:22.249793,MacOS,244,44.68,High,0.63,4,0,Upgrade RAM
90f54c6f,EU-West,2024-04-28 09:12:21.059746,75.31,69.89,67.34,22.89,265.99,49.75,2599,13,2024-03-07 09:12:21.059746,Windows,186,39.39,Medium,0.79,3,0,Replace Disk
c6256789,EU-West,2024-08-21 20:32:59.610944,55.73,56.35,22.27,25.02,207.57,33.95,3634,4,2024-07-29 20:32:59.610944,Windows,238,46.18,High,0.6,3,1,None
2a08e709,US-East,2024-07-22 09:46:45.108264,70.06,48.3,75.21,22.45,393.15,71.54,1052,11,2024-05-28 09:46:45.108264,Linux,209,64.06,Low,0.89,5,1,Check Network
791143f0,Asia-Pacific,2024-11-11 02:50:34.800248,67.28,56.68,27.65,18.8,327.12,19.26,3590,5,2024-10-08 02:50:34.800248,Windows,340,40.52,Low,0.56,2,0,None
9013b50f,US-West,2024-04-11 11:05:35.609155,43.16,62.05,65.25,22.87,322.46,44.35,4183,3,2024-03-05 11:05:35.609155,Ubuntu Server,97,86.65,High,0.69,5,1,Upgrade RAM
b18c53ce,EU-West,2024-07-04 14:58:49.456468,43.84,72.51,25.85,13.76,255.9,22.15,4671,7,2024-04-22 14:58:49.456468,Windows,93,71.46,High,0.46,1,1,None
88cce0e7,US-West,2025-02-23 18:57:15.441493,64.95,67.04,46.07,18.7,315.28,39.62,3928,7,2024-09-23 18:57:15.441493,Ubuntu Server,134,30.04,Low,0.59,1,0,None
96d81ec9,US-East,2024-12-19 03:35:00.513411,40.92,64.81,39.6,23.45,329.97,45.18,4277,7,2024-06-26 03:35:00.513411,Red Hat,29,62.89,Medium,0.56,2,1,None
6ae45ff9,Asia-Pacific,2024-03-31 19:03:08.993874,32.52,55.93,69.48,25.01,305.25,23.09,1503,1,2024-01-19 19:03:08.993874,Windows,360,88.09,High,0.42,2,1,None
7f3f3310,Asia-Pacific,2024-12-01 08:04:14.961981,47.61,60.98,26.8,19.47,485.4,30.29,4425,8,2024-09-28 08:04:14.961981,Windows,75,71.63,Low,0.69,5,1,Check Network
df2d5d64,Asia-Pacific,2024-05-22 01:52:14.506813,54.21,52.2,21.99,18.07,289.41,23.88,2339,4,2024-01-09 01:52:14.506813,Red Hat,207,27.85,Medium,0.51,2,1,None
03833d85,EU-West,2024-06-08 18:37:38.162400,86.76,77.32,89.15,10.19,212.89,30.55,4831,13,2024-04-29 18:37:38.162400,Red Hat,60,30.04,Medium,1.0,7,1,Replace Fan
2889e1d4,EU-West,2024-11-22 06:12:56.094271,45.71,60.96,22.85,21.01,310.67,28.98,3576,6,2024-08-17 06:12:56.094271,Red Hat,193,24.72,Medium,0.47,1,1,None
0f72b21c,EU-West,2024-07-20 01:06:22.559956,51.53,51.95,52.3,21.38,437.25,45.65,2559,7,2024-01-24 01:06:22.559956,Windows,146,51.9,Medium,0.97,10,1,Check Network
0f8af098,Asia-Pacific,2025-01-01 22:42:25.812510,58.36,77.32,64.05,21.57,225.98,35.94,4511,4,2024-10-28 22:42:25.812510,Red Hat,57,44.73,Medium,0.96,9,1,Software Update
8376073b,US-West,2024-08-01 11:39:57.241364,24.83,32.0,23.19,21.06,365.11,38.11,2577,4,2024-04-19 11:39:57.241364,Red Hat,161,49.45,Medium,0.59,6,0,None
233bbb1d,EU-West,2024-07-05 17:30:32.287648,37.78,52.09,34.41,23.08,265.61,31.73,3833,3,2024-06-13 17:30:32.287648,Windows,227,63.48,High,0.86,10,0,Upgrade RAM
413cfe55,EU-West,2025-02-19 11:54:15.556422,59.84,65.09,21.25,26.98,499.78,41.95,3026,6,2024-11-12 11:54:15.556422,Red Hat,58,23.88,Low,0.92,8,1,Software Update
8208dca8,US-East,2024-08-15 21:00:09.279665,38.44,50.6,48.89,21.81,385.8,34.03,1704,4,2024-05-20 21:00:09.279665,Windows,252,84.22,Medium,0.77,8,0,Replace Disk
0db0fbfa,EU-West,2024-05-25 14:52:06.710912,49.2,57.32,77.31,13.55,244.73,43.48,3362,6,2024-04-08 14:52:06.710912,Linux,251,65.92,Low,0.97,10,1,Check Network
6da2b3bb,Asia-Pacific,2024-05-29 21:40:31.539621,41.13,48.21,44.39,17.12,388.99,37.51,1307,2,2023-12-20 21:40:31.539621,Ubuntu Server,116,46.05,Low,0.58,4,0,None
4689c93b,US-West,2025-01-28 02:25:51.036204,32.17,60.83,67.38,19.23,270.31,37.5,2507,3,2024-10-30 02:25:51.036204,Linux,86,64.83,Medium,0.67,6,1,Replace Disk
ace431d6,US-West,2024-07-30 02:14:05.491222,48.57,51.2,57.54,21.73,228.17,36.27,2451,2,2024-07-18 02:14:05.491222,Windows,202,88.21,High,0.76,7,1,Check Network
522c5515,Asia-Pacific,2024-08-03 02:35:51.054196,48.95,51.45,25.69,22.68,456.29,32.73,3488,6,2024-07-14 02:35:51.054196,Ubuntu Server,185,30.46,High,0.67,5,1,Upgrade RAM
fb233f3f,Asia-Pacific,2025-01-03 23:44:43.852018,61.07,53.4,55.36,13.55,306.07,35.36,3915,5,2024-09-17 23:44:43.852018,MacOS,266,45.9,High,0.53,1,0,None
43dca980,US-East,2024-08-16 16:04:52.186574,46.86,55.32,41.84,7.85,313.21,51.84,1005,5,2024-03-21 16:04:52.186574,Red Hat,50,83.62,Medium,0.82,7,0,Software Update
b47c9b80,EU-West,2025-01-20 23:22:52.751364,61.7,94.56,65.73,19.73,472.26,41.32,1674,2,2024-11-01 23:22:52.751364,Red Hat,293,49.47,High,0.82,5,1,Check Network
cb350ced,Asia-Pacific,2025-01-17 08:23:46.923464,66.13,53.67,46.04,23.27,296.87,35.89,2846,5,2024-09-02 08:23:46.923464,MacOS,279,59.08,Medium,0.9,8,1,Replace Fan
89f9be2b,EU-West,2025-02-20 06:35:02.148772,58.08,40.85,37.16,19.07,262.48,23.65,2541,1,2024-12-21 06:35:02.148772,Windows,275,40.73,Low,0.74,7,1,Replace Fan
70a19d98,EU-West,2025-01-10 01:36:28.524978,48.29,58.05,52.72,23.76,258.14,46.16,4360,5,2024-10-19 01:36:28.524978,Windows,151,79.48,High,0.92,9,0,Check Network
79e8d011,US-East,2024-05-01 20:32:31.235401,53.59,49.34,90.41,14.23,474.74,35.77,3789,6,2024-01-18 20:32:31.235401,Red Hat,122,41.85,Low,0.59,3,1,None
c64dec1b,US-East,2024-10-07 11:18:02.929419,60.68,81.45,88.27,17.01,405.53,54.78,4340,5,2024-06-11 11:18:02.929419,Windows,93,80.57,Low,1.0,9,1,Upgrade RAM
39652955,US-West,2024-06-30 19:22:30.300608,57.64,76.82,23.65,28.31,264.08,32.5,1233,5,2024-04-29 19:22:30.300608,Linux,185,83.87,Medium,0.75,5,0,Replace Fan
1b1f931e,US-West,2024-07-03 22:58:22.639726,50.56,68.22,41.62,19.52,228.37,30.57,3738,5,2024-06-28 22:58:22.639726,Windows,277,45.25,Medium,0.85,8,1,Replace Fan
acf8598b,US-West,2024-04-27 12:19:24.019947,58.7,59.73,52.85,21.03,358.02,39.21,1963,10,2023-12-03 12:19:24.019947,Windows,132,75.16,Low,1.0,10,1,Replace Disk
47410bae,US-West,2025-03-17 06:56:29.364006,74.92,65.38,94.77,21.31,449.78,49.79,2491,4,2025-02-21 06:56:29.364006,Windows,347,51.83,High,0.95,7,1,Software Update
a9789acc,US-East,2024-09-08 14:27:29.602090,33.45,64.18,94.23,22.13,462.24,37.23,4270,2,2024-04-07 14:27:29.602090,Ubuntu Server,128,36.95,High,0.58,4,1,None
b0b182b7,US-West,2025-01-26 15:44:42.549470,15.76,61.6,34.87,19.42,294.86,41.14,3039,3,2024-11-16 15:44:42.549470,Red Hat,273,24.46,High,0.42,2,0,None
cf7a9766,US-East,2025-01-07 21:30:52.357156,62.88,66.93,80.64,8.37,308.9,45.21,1734,5,2024-11-08 21:30:52.357156,Linux,107,30.07,Low,1.0,10,1,Check Network
9e999b85,US-East,2024-11-27 22:07:00.069393,50.4,70.35,77.69,20.29,213.27,51.54,3792,4,2024-11-21 22:07:00.069393,Linux,110,49.44,High,0.61,2,1,Replace Fan
85637695,Asia-Pacific,2025-01-21 05:46:53.872228,55.27,60.77,54.67,10.78,442.85,31.97,2836,4,2024-09-07 05:46:53.872228,Linux,281,76.4,High,0.9,9,1,Check Network
6db4ed2b,EU-West,2024-06-19 18:07:44.493288,94.33,69.66,94.38,14.96,344.78,37.23,3121,5,2024-03-18 18:07:44.493288,Ubuntu Server,47,28.12,High,1.0,10,1,Upgrade RAM
15876340,EU-West,2024-11-08 22:26:58.552187,64.9,52.41,81.14,18.89,487.15,33.09,4413,5,2024-08-20 22:26:58.552187,Ubuntu Server,285,83.13,Medium,0.63,3,0,Upgrade RAM
288f417c,US-West,2024-04-18 14:29:00.506490,27.68,47.53,33.32,15.52,285.74,37.01,1655,3,2023-12-21 14:29:00.506490,Windows,276,45.18,High,0.43,2,0,None
519f0217,Asia-Pacific,2025-01-14 13:05:47.461748,40.95,42.87,53.26,24.67,393.01,45.67,4462,8,2024-11-19 13:05:47.461748,Linux,216,32.14,High,0.72,6,0,Upgrade RAM
49521c53,Asia-Pacific,2025-03-21 06:00:40.737615,56.45,58.19,29.67,20.4,379.77,42.09,4756,5,2025-01-18 06:00:40.737615,Windows,17,29.69,Medium,0.69,4,1,Replace Fan
d64aa212,US-East,2024-07-10 00:45:49.059426,49.32,62.87,31.18,22.36,275.62,23.67,4243,4,2024-06-14 00:45:49.059426,Windows,362,21.63,Medium,0.86,9,1,Upgrade RAM
3c86518e,EU-West,2024-04-27 06:51:57.462642,43.32,54.97,46.25,27.15,234.44,20.83,4871,4,2023-11-08 06:51:57.462642,Ubuntu Server,82,31.4,Medium,0.66,6,1,Replace Fan
68267612,Asia-Pacific,2024-04-09 06:50:13.417373,57.51,73.78,83.2,28.13,372.25,40.55,1446,6,2024-03-20 06:50:13.417373,Windows,172,75.76,High,0.87,7,1,Software Update
a9b72cfa,Asia-Pacific,2024-06-23 20:11:21.481760,68.09,62.11,84.92,20.1,384.96,58.15,3791,4,2024-04-23 20:11:21.481760,Windows,118,29.18,High,0.74,3,0,Replace Fan
dbfcacf9,US-East,2025-01-28 02:22:31.843793,34.46,61.06,30.99,18.05,366.16,43.15,3939,1,2024-10-22 02:22:31.843793,Windows,169,57.14,High,0.59,4,1,None
b1b01011,US-West,2025-01-26 11:46:19.998700,70.33,37.82,26.79,16.75,313.99,62.07,2197,7,2024-11-29 11:46:19.998700,Ubuntu Server,3,41.29,Medium,0.77,4,1,Replace Fan
c213583f,Asia-Pacific,2025-02-11 18:54:24.539603,40.75,71.7,57.06,18.29,348.37,23.15,2740,3,2024-11-24 18:54:24.539603,MacOS,94,25.83,High,0.64,5,1,Software Update
de7ba992,Asia-Pacific,2024-06-13 11:40:30.181600,25.76,70.38,33.02,13.09,324.03,37.33,2388,1,2024-02-21 11:40:30.181600,Ubuntu Server,3,79.72,High,0.86,10,1,Replace Fan
1e867fbb,Asia-Pacific,2025-02-09 21:12:05.556139,51.49,69.15,36.28,27.39,299.93,36.32,4939,3,2024-12-08 21:12:05.556139,Linux,39,44.65,Low,0.67,4,0,Replace Disk
09ae8615,US-East,2024-05-12 02:20:07.994900,51.55,81.43,87.1,20.77,202.47,59.89,4084,6,2024-03-20 02:20:07.994900,Linux,198,60.43,Medium,1.0,10,1,Upgrade RAM
0f52ba40,US-West,2024-07-05 20:49:06.610248,65.67,62.53,66.77,16.23,304.09,38.12,4740,9,2024-05-03 20:49:06.610248,Linux,165,61.58,Low,0.64,2,1,Replace Disk
c156794a,US-East,2024-06-28 03:43:41.627655,65.19,51.42,87.19,21.13,240.24,31.51,4750,4,2024-04-06 03:43:41.627655,Red Hat,363,28.0,High,0.67,4,1,Upgrade RAM
c7a868a0,Asia-Pacific,2025-01-20 18:51:18.437330,33.75,53.99,46.12,14.14,260.19,36.75,4603,1,2024-10-08 18:51:18.437330,Windows,319,28.65,Low,0.61,5,1,Replace Fan
81477d2f,EU-West,2024-07-10 16:42:55.387187,45.8,73.28,62.06,18.85,381.06,43.23,3004,8,2024-02-23 16:42:55.387187,Red Hat,311,58.48,Low,0.99,10,1,Replace Disk
777a32e2,Asia-Pacific,2024-10-09 13:07:06.710710,53.02,57.42,74.28,25.39,446.52,25.89,2485,2,2024-06-25 13:07:06.710710,Ubuntu Server,310,54.11,Low,0.61,4,1,Replace Disk
2544ba25,EU-West,2024-07-20 21:34:04.734411,19.97,62.06,87.28,23.61,227.5,24.85,2629,1,2024-03-05 21:34:04.734411,Ubuntu Server,105,87.05,Low,0.38,2,0,None
65c0041f,US-East,2024-09-15 00:33:13.645994,60.21,42.99,69.53,15.62,476.75,64.41,1357,5,2024-08-25 00:33:13.645994,Ubuntu Server,304,36.13,High,0.59,1,1,None
6af67fc8,EU-West,2024-05-26 12:35:56.858323,68.38,62.92,86.87,17.15,235.65,35.62,2870,8,2024-04-13 12:35:56.858323,Ubuntu Server,60,28.57,High,0.64,2,0,Upgrade RAM
00d763a6,US-West,2024-09-03 14:53:54.179730,42.51,61.44,71.81,23.92,496.47,50.38,4903,4,2024-06-13 14:53:54.179730,MacOS,250,78.96,Low,0.61,3,1,Upgrade RAM
708926c2,US-West,2024-10-28 10:10:41.400376,39.06,66.31,40.88,19.63,273.71,27.99,2492,6,2024-09-11 10:10:41.400376,Red Hat,179,67.15,Low,0.6,4,0,None
d77b7c59,Asia-Pacific,2024-12-15 23:24:16.426636,53.51,55.01,41.71,19.59,340.42,36.06,3514,7,2024-09-10 23:24:16.426636,Windows,61,80.77,Medium,0.51,1,1,None
119b2acb,US-West,2024-08-05 06:31:54.516242,45.1,44.33,76.11,14.64,480.16,16.72,1379,2,2024-03-12 06:31:54.516242,MacOS,260,88.56,High,0.73,8,1,Upgrade RAM
1350fa7a,US-East,2024-05-16 16:18:33.022853,78.34,72.78,86.92,14.67,463.88,45.78,2656,6,2023-11-18 16:18:33.022853,MacOS,189,41.2,Medium,0.72,2,1,Replace Disk
70b4c367,US-West,2025-03-04 01:22:30.839304,42.22,36.75,62.26,27.05,388.61,41.37,2886,4,2024-11-03 01:22:30.839304,Red Hat,34,54.59,High,0.78,8,1,Software Update
f6c6bb81,Asia-Pacific,2024-09-18 08:13:28.921116,73.0,76.1,29.37,26.21,349.74,43.79,4267,6,2024-07-27 08:13:28.921116,MacOS,361,33.89,Low,0.7,2,1,Replace Fan
95613a27,EU-West,2024-06-01 02:09:01.906783,84.87,50.47,31.99,19.56,482.82,45.43,1039,6,2024-04-16 02:09:01.906783,Ubuntu Server,8,41.71,Medium,0.7,2,0,Upgrade RAM
520550e0,US-West,2025-02-17 13:57:55.396747,54.98,67.16,68.09,16.51,370.25,34.61,4889,9,2024-08-26 13:57:55.396747,Windows,305,72.83,Medium,0.64,3,1,Check Network
4de25b8f,Asia-Pacific,2024-08-25 11:48:43.891300,75.82,34.15,72.18,25.38,326.29,36.06,4431,9,2024-06-06 11:48:43.891300,Windows,344,32.96,Low,0.97,9,1,Check Network
a6a71dba,EU-West,2024-05-12 21:28:42.058877,71.81,67.96,62.38,26.44,298.45,40.0,3572,8,2024-01-03 21:28:42.058877,Linux,17,40.1,Low,0.88,6,0,Upgrade RAM
0c1ae327,EU-West,2024-04-05 09:58:42.228883,53.58,67.38,85.59,21.71,352.75,66.62,4550,6,2024-02-15 09:58:42.228883,Ubuntu Server,81,87.01,High,0.87,6,1,Replace Disk
a1b6d4ee,US-West,2024-08-05 19:56:20.512086,28.59,56.57,71.21,14.51,328.13,49.33,4034,5,2024-05-20 19:56:20.512086,Ubuntu Server,268,81.2,High,0.9,10,1,Upgrade RAM
2aa507ce,US-West,2024-07-27 18:58:21.014336,57.74,67.14,81.15,14.73,474.01,38.85,3668,8,2024-07-13 18:58:21.014336,Ubuntu Server,35,29.51,Medium,0.61,2,1,Replace Fan
ed066b59,Asia-Pacific,2024-07-12 13:14:17.528154,54.46,47.01,75.46,19.9,456.13,52.18,3727,6,2024-06-04 13:14:17.528154,Linux,143,61.62,High,0.79,6,0,Software Update
c6307a12,US-West,2025-02-22 05:53:53.946853,36.81,62.44,94.39,13.49,468.94,34.94,2480,2,2024-09-10 05:53:53.946853,Ubuntu Server,145,26.17,Low,0.73,7,0,Replace Disk
78f69427,Asia-Pacific,2025-01-08 05:56:38.774888,30.13,62.37,93.56,18.12,286.92,38.04,2725,1,2024-09-06 05:56:38.774888,Red Hat,225,53.25,Medium,0.41,1,0,None
2fb843ed,Asia-Pacific,2025-01-14 15:24:57.452033,66.1,65.62,82.88,23.17,270.4,33.96,2745,3,2024-09-12 15:24:57.452033,Ubuntu Server,231,71.96,High,0.86,7,1,Replace Fan
26b35b53,Asia-Pacific,2025-01-13 16:51:42.847131,34.96,47.91,42.38,20.09,305.58,51.78,4297,4,2024-08-27 16:51:42.847131,Ubuntu Server,129,31.43,Low,0.76,7,1,Check Network
967e863f,US-West,2024-06-19 11:32:26.625122,43.05,58.06,85.37,22.05,301.29,46.52,2476,8,2024-06-08 11:32:26.625122,Red Hat,250,32.66,Medium,0.56,2,1,None
deae18e7,Asia-Pacific,2025-03-06 13:43:27.955364,41.42,54.25,68.12,26.69,208.65,36.67,4423,8,2025-01-09 13:43:27.955364,Windows,195,64.33,Medium,0.52,2,1,None
960d4c79,US-East,2024-07-10 02:21:28.162246,52.52,60.49,46.67,21.55,211.53,32.09,4237,4,2024-02-14 02:21:28.162246,Red Hat,53,25.84,Medium,0.79,7,1,Replace Fan
c8076ec6,US-West,2024-11-13 07:55:59.626338,59.67,75.22,65.38,22.19,379.66,48.36,4301,7,2024-11-03 07:55:59.626338,MacOS,148,42.64,Low,0.71,3,1,Check Network
f6f34137,Asia-Pacific,2024-09-08 16:02:58.013133,65.26,57.34,71.19,28.02,237.59,44.52,4493,6,2024-08-25 16:02:58.013133,Red Hat,66,81.76,Low,0.63,2,1,Upgrade RAM
463d67f0,Asia-Pacific,2024-08-20 10:57:31.722538,57.29,53.83,29.39,26.48,277.98,40.3,2401,13,2024-04-18 10:57:31.722538,Red Hat,58,47.75,Medium,0.81,6,1,Check Network
c96a0f55,Asia-Pacific,2024-08-29 21:42:02.024944,33.6,58.7,69.09,10.5,374.99,33.09,2900,5,2024-05-07 21:42:02.024944,MacOS,131,84.78,Medium,0.77,8,1,Upgrade RAM
e3019828,US-East,2024-04-10 21:47:41.684888,29.41,68.02,53.02,26.73,430.74,41.82,4837,3,2024-03-02 21:47:41.684888,Linux,356,26.34,Low,0.44,1,0,None
bd26a3d2,US-West,2024-06-15 22:43:07.379771,62.15,76.99,61.25,22.64,410.36,29.84,3521,5,2024-02-29 22:43:07.379771,Windows,119,88.73,Medium,0.66,3,1,Upgrade RAM
7f111bfd,EU-West,2025-02-06 13:13:54.628504,53.07,49.03,33.65,18.6,329.38,50.34,3087,9,2025-01-22 13:13:54.628504,MacOS,153,50.4,High,0.55,1,1,None
9a0c7f34,US-West,2024-12-28 19:39:25.867901,63.66,55.77,63.95,16.52,419.86,52.95,1613,9,2024-10-16 19:39:25.867901,Red Hat,61,38.76,Low,0.61,1,1,Upgrade RAM
367fa5d9,US-East,2024-12-29 09:55:39.245631,60.02,63.48,45.3,17.29,395.0,44.41,1657,4,2024-10-02 09:55:39.245631,MacOS,71,21.24,High,0.92,8,1,Software Update
13cb2c8f,US-West,2024-04-03 06:22:58.599974,41.04,48.62,30.71,20.47,445.86,39.28,1288,1,2024-02-01 06:22:58.599974,MacOS,72,82.21,Low,0.78,8,1,Software Update
bfea37a0,EU-West,2024-12-07 20:27:36.050856,58.95,64.91,89.71,16.25,481.83,39.49,4032,4,2024-08-11 20:27:36.050856,Red Hat,204,20.24,Medium,0.55,1,0,None
a2c47585,US-East,2025-01-11 03:21:43.546654,31.34,74.98,89.5,16.0,364.3,34.57,3046,5,2024-11-03 03:21:43.546654,Windows,141,32.97,Low,0.9,10,0,Replace Disk
5ae0c9cf,EU-West,2025-03-25 09:52:47.972656,70.66,65.62,30.32,22.69,453.28,32.94,1724,2,2024-12-10 09:52:47.972656,Red Hat,364,72.19,High,0.87,7,1,Upgrade RAM
52127605,EU-West,2024-04-28 13:27:26.964547,66.1,65.16,41.86,13.92,385.98,50.69,3430,6,2024-01-25 13:27:26.964547,MacOS,211,71.14,High,1.0,9,1,Replace Disk
89dae76f,EU-West,2024-10-30 17:03:17.893970,47.72,67.41,65.35,22.95,284.91,33.49,4134,4,2024-06-09 17:03:17.893970,Linux,325,35.88,Low,0.84,8,0,Upgrade RAM
e5052e68,US-West,2024-03-31 21:19:14.167008,62.65,59.41,82.06,27.12,215.72,24.03,4194,3,2024-03-05 21:19:14.167008,Ubuntu Server,329,72.44,High,0.7,5,1,Software Update
033f0f87,US-East,2024-07-16 07:32:40.861251,24.83,56.98,87.98,21.47,322.62,44.73,1089,4,2024-06-23 07:32:40.861251,Red Hat,242,41.57,Medium,0.46,2,1,None
07bc09bf,US-West,2024-12-06 00:06:28.019951,47.84,68.34,64.5,24.85,274.19,40.52,4357,6,2024-06-19 00:06:28.019951,Red Hat,211,69.27,High,0.97,10,1,Replace Fan
f762d6bb,US-West,2024-10-16 04:38:33.202576,39.53,52.32,39.48,25.67,261.61,50.73,2580,4,2024-08-04 04:38:33.202576,Red Hat,175,30.61,Medium,0.78,7,0,Replace Fan
1211d501,US-East,2024-12-13 09:22:56.701042,52.57,65.3,75.2,24.05,289.75,35.0,1892,3,2024-06-25 09:22:56.701042,Ubuntu Server,21,30.33,High,0.56,2,0,None
b420d6be,US-West,2025-02-09 11:00:30.484589,41.68,75.68,66.66,18.68,494.61,51.19,4100,3,2024-12-21 11:00:30.484589,Linux,99,89.07,Medium,0.68,4,1,Software Update
071e45cb,EU-West,2024-05-20 21:58:28.982572,47.16,51.95,22.27,25.06,419.07,43.47,4701,2,2024-03-01 21:58:28.982572,Ubuntu Server,350,86.62,High,0.83,8,1,Upgrade RAM
cdddd77e,EU-West,2025-03-22 17:19:05.401255,52.72,52.28,81.92,16.17,328.09,46.89,3180,1,2024-10-13 17:19:05.401255,Red Hat,178,31.58,Low,0.56,2,1,None
415f7c36,US-West,2024-04-14 22:25:54.960208,46.86,64.6,23.13,23.69,256.99,31.74,1448,4,2023-12-10 22:25:54.960208,Ubuntu Server,113,24.85,High,0.68,5,1,Software Update
be844098,US-East,2024-09-22 14:41:32.673033,36.37,53.02,83.79,17.44,471.14,47.71,2057,3,2024-05-29 14:41:32.673033,Windows,167,25.02,Medium,0.51,2,1,None
8c1ed668,US-West,2024-05-27 15:24:49.740298,43.37,70.36,67.6,31.43,498.64,62.17,3780,3,2023-12-04 15:24:49.740298,Red Hat,37,64.38,Low,0.86,7,1,Replace Disk
21d2bf19,US-East,2024-06-23 12:57:22.880462,48.44,56.43,78.14,26.73,419.72,31.21,3801,3,2024-02-08 12:57:22.880462,Linux,330,29.8,High,0.61,4,1,Software Update
3f38ec73,EU-West,2024-03-30 18:12:09.077393,42.02,60.92,75.64,21.16,457.59,45.82,2614,5,2023-11-08 18:12:09.077393,Windows,179,30.29,Medium,0.55,2,1,None
9bfcc245,Asia-Pacific,2025-01-24 03:04:54.984221,68.21,50.57,59.19,10.79,465.71,58.15,2750,9,2024-11-11 03:04:54.984221,Linux,163,54.67,Medium,0.88,6,1,Replace Fan
6876b870,Asia-Pacific,2024-03-26 23:44:49.351084,36.66,65.94,27.95,28.34,342.01,49.42,4524,3,2024-01-31 23:44:49.351084,Red Hat,279,26.67,Medium,0.94,10,1,Check Network
c4d88d45,US-East,2024-04-27 02:50:12.507568,43.37,69.53,64.03,22.42,453.35,40.88,3757,5,2023-12-16 02:50:12.507568,Linux,347,87.25,Medium,0.71,5,0,Replace Fan
fe9bac8d,US-East,2024-05-03 06:58:38.604120,25.32,64.45,72.49,16.2,401.36,62.32,2077,1,2024-02-21 06:58:38.604120,MacOS,216,69.61,Medium,0.67,5,1,Replace Disk
2185f45c,US-East,2024-08-14 03:34:00.183384,72.33,54.49,32.09,19.99,487.45,46.51,4836,6,2024-05-18 03:34:00.183384,Ubuntu Server,230,73.34,High,0.71,3,1,Upgrade RAM
79b2f26b,Asia-Pacific,2025-01-27 22:59:29.103604,59.76,50.83,58.02,20.52,205.76,50.51,2550,11,2024-09-06 22:59:29.103604,MacOS,116,85.43,Medium,0.99,9,1,Check Network
5bf2e80a,US-West,2024-08-21 07:10:42.136917,49.39,58.62,40.92,16.0,360.53,46.93,3791,5,2024-07-30 07:10:42.136917,Red Hat,87,67.37,Medium,0.53,1,0,None
f2e557d5,US-East,2024-06-08 14:20:16.650687,55.73,73.87,23.49,23.88,268.45,34.01,1410,7,2024-05-31 14:20:16.650687,MacOS,144,33.34,High,1.0,10,1,Check Network
4de138df,US-West,2025-01-18 06:54:09.221689,46.15,72.57,53.57,20.69,434.88,39.98,1772,5,2024-12-03 06:54:09.221689,Linux,191,71.54,High,0.62,3,1,Check Network
29ccf15e,US-West,2025-01-31 19:10:26.670110,26.11,54.82,84.31,22.07,304.81,49.61,2987,3,2024-10-27 19:10:26.670110,MacOS,252,83.95,High,0.67,6,1,Upgrade RAM
733ca4cc,US-West,2024-09-01 13:41:36.789148,41.11,51.47,71.54,24.95,483.43,53.94,4221,2,2024-05-16 13:41:36.789148,Ubuntu Server,45,68.88,Medium,0.49,1,1,None
d25c295e,US-East,2024-10-29 03:06:46.658664,47.4,73.16,56.27,20.08,481.25,49.49,3990,4,2024-09-19 03:06:46.658664,MacOS,337,30.69,High,0.75,5,1,Replace Disk
0aa04b72,EU-West,2024-11-10 19:09:23.188180,51.45,62.56,29.23,22.61,392.29,33.46,3059,3,2024-06-11 19:09:23.188180,MacOS,49,63.45,Medium,0.74,6,1,Check Network
57782e3d,US-East,2025-02-16 13:34:24.368414,34.5,53.93,82.35,19.41,436.29,31.18,1248,3,2025-02-01 13:34:24.368414,Linux,38,68.9,High,0.55,4,1,None
ab5bd119,US-West,2025-02-14 19:06:19.222831,58.69,49.25,32.15,18.55,303.53,33.73,2161,4,2024-12-07 19:06:19.222831,Ubuntu Server,243,59.07,Low,0.65,4,1,Replace Fan
f6f93805,Asia-Pacific,2025-02-26 23:47:57.652747,46.96,68.53,65.59,16.98,374.4,44.38,1367,9,2024-12-30 23:47:57.652747,Red Hat,365,61.93,Low,0.79,6,1,Software Update
4cb11896,EU-West,2024-10-02 18:30:05.752881,35.34,72.98,71.87,13.84,270.25,33.72,4632,3,2024-07-27 18:30:05.752881,Windows,365,70.39,Medium,0.65,5,0,Upgrade RAM
f213a9c9,Asia-Pacific,2025-03-22 22:28:07.872603,58.24,69.37,70.93,16.71,322.13,37.35,4983,8,2025-02-26 22:28:07.872603,Windows,43,41.07,Low,0.77,5,0,Replace Disk
62b2406c,US-East,2024-11-09 06:52:28.393135,66.84,57.41,27.55,18.92,378.72,44.9,4946,4,2024-09-28 06:52:28.393135,MacOS,89,41.88,Medium,0.73,4,1,Upgrade RAM
f33ec857,EU-West,2025-02-17 04:14:19.227044,52.62,62.36,20.58,26.45,283.05,29.87,1035,6,2024-12-27 04:14:19.227044,MacOS,90,64.49,Medium,0.6,3,0,None
3d08ebb5,Asia-Pacific,2025-02-22 18:32:12.804869,51.93,56.06,91.99,13.12,402.88,43.1,3739,9,2025-01-07 18:32:12.804869,MacOS,51,33.48,High,0.79,6,1,Upgrade RAM
1c9c2d2d,US-East,2025-01-31 12:39:54.952498,54.1,80.88,45.81,26.37,249.12,31.26,4022,7,2024-08-30 12:39:54.952498,MacOS,72,52.32,Low,0.9,8,1,Replace Fan
2f6dfa4c,US-West,2024-04-28 10:23:24.392256,59.23,50.55,33.95,25.21,463.63,38.63,4490,6,2024-04-19 10:23:24.392256,Windows,196,58.99,Low,0.63,3,0,Software Update
edbb9f43,US-East,2024-11-25 23:02:09.988992,70.77,59.36,45.83,19.5,441.47,46.67,4503,7,2024-06-19 23:02:09.988992,Windows,14,84.97,Medium,0.67,2,1,Upgrade RAM
e5409613,US-East,2024-07-22 13:31:22.818700,34.3,56.74,80.42,26.75,488.72,43.84,2266,3,2024-02-17 13:31:22.818700,Linux,350,48.14,Low,0.89,10,1,Check Network
4a40cfa8,EU-West,2024-12-12 06:38:38.306841,92.14,46.95,54.61,11.01,430.76,25.44,1814,9,2024-08-16 06:38:38.306841,Ubuntu Server,172,39.94,Low,0.82,5,1,Replace Fan
5bba9c43,Asia-Pacific,2024-11-19 17:13:17.434113,36.45,55.92,93.08,24.9,446.09,24.98,1516,5,2024-07-17 17:13:17.434113,Windows,47,35.84,Low,0.6,5,0,None
d75badc2,EU-West,2024-05-26 02:05:48.310438,43.3,62.49,59.22,24.12,439.19,31.92,2739,7,2024-02-25 02:05:48.310438,Linux,202,41.38,Medium,0.47,1,1,None
f5dda32a,Asia-Pacific,2024-12-24 13:36:55.927595,64.62,57.31,83.86,6.32,367.47,47.4,2273,8,2024-12-13 13:36:55.927595,MacOS,36,26.55,Medium,0.6,1,1,None
d07ae206,US-East,2024-07-07 05:21:08.982346,49.08,53.14,37.06,28.16,451.56,44.98,2689,4,2024-02-16 05:21:08.982346,Ubuntu Server,19,44.49,Medium,0.7,5,1,Replace Disk
a7904442,US-West,2024-10-01 02:38:31.557719,23.49,47.55,73.79,18.8,314.67,32.09,1130,1,2024-08-01 02:38:31.557719,Linux,146,57.59,High,0.54,5,0,None
ef29f3a1,EU-West,2024-06-18 13:13:46.529602,41.51,57.96,43.92,25.67,338.28,30.03,1337,5,2024-06-13 13:13:46.529602,Windows,272,20.13,Low,0.89,10,0,Software Update
4b0358f4,US-East,2024-12-25 00:16:24.292143,44.75,64.08,46.26,20.77,411.15,41.38,1365,2,2024-08-31 00:16:24.292143,Linux,98,30.73,Medium,0.69,5,1,Upgrade RAM
68fa70f7,Asia-Pacific,2024-11-01 09:29:03.798087,100.0,63.18,59.26,28.99,313.84,59.69,1277,14,2024-09-05 09:29:03.798087,Linux,88,69.79,High,1.0,9,1,Replace Fan
a69d2cc6,US-West,2024-11-06 21:31:09.356866,27.6,47.35,53.37,5.94,292.01,50.34,3167,5,2024-10-21 21:31:09.356866,Windows,8,84.92,Medium,0.88,10,1,Check Network
ed1b5da0,Asia-Pacific,2024-12-10 00:04:37.227653,70.68,53.58,69.15,15.2,458.9,43.89,1461,8,2024-10-19 00:04:37.227653,Red Hat,25,52.17,Medium,0.7,3,1,Software Update
f0534277,Asia-Pacific,2025-01-13 01:27:01.476808,26.89,47.84,52.91,20.91,333.0,42.01,1247,2,2024-11-23 01:27:01.476808,Windows,219,83.47,Medium,0.39,1,0,None
013d6349,Asia-Pacific,2025-03-03 14:48:14.436834,37.06,53.37,56.37,20.02,245.16,49.92,4746,4,2025-01-06 14:48:14.436834,MacOS,26,49.27,Low,0.57,3,1,None
4d3baaf3,US-West,2025-01-06 06:34:04.602687,74.82,48.28,66.45,22.61,482.57,39.98,4584,9,2024-09-03 06:34:04.602687,Red Hat,154,45.6,High,0.85,6,1,Replace Disk
af451fbb,Asia-Pacific,2024-07-11 05:01:27.415930,59.22,60.23,68.21,15.17,430.88,46.9,1646,8,2024-03-30 05:01:27.415930,MacOS,48,63.74,Low,0.98,9,1,Check Network
d0f253ff,Asia-Pacific,2024-09-18 14:21:52.780472,61.51,68.64,52.21,21.4,318.04,38.08,4959,5,2024-06-12 14:21:52.780472,Red Hat,56,84.66,High,0.97,9,1,Replace Disk
d388311a,US-West,2024-04-01 10:06:37.985977,44.52,63.98,56.23,17.71,220.57,44.16,4768,7,2023-11-19 10:06:37.985977,MacOS,332,73.44,Medium,0.52,1,0,None
af623331,EU-West,2024-07-20 19:21:06.727172,40.04,65.67,75.7,15.19,480.31,37.69,1842,3,2024-07-08 19:21:06.727172,Linux,338,28.84,Low,0.92,10,1,Replace Disk
c8803964,US-West,2025-01-01 13:42:47.019454,64.51,56.21,20.74,16.66,275.44,33.62,1688,9,2024-09-15 13:42:47.019454,Windows,68,67.96,Medium,0.96,9,1,Replace Fan
efe5d10d,EU-West,2024-06-03 09:32:53.773070,40.17,49.04,65.42,14.67,345.55,53.84,1255,3,2024-01-11 09:32:53.773070,Ubuntu Server,42,52.35,Low,0.53,2,1,None
b6f3e203,US-West,2024-09-26 19:41:19.841453,26.21,61.16,31.42,29.35,225.63,61.92,2832,1,2024-09-16 19:41:19.841453,Linux,108,67.1,Low,0.67,5,1,Software Update
905a2d4a,US-West,2024-04-19 05:54:19.420550,49.11,55.08,36.49,17.24,426.16,33.71,1400,10,2023-12-03 05:54:19.420550,MacOS,281,88.27,High,0.9,9,1,Upgrade RAM
75338301,EU-West,2024-11-29 04:38:35.737180,48.13,75.15,59.49,23.77,451.49,49.42,4255,3,2024-09-16 04:38:35.737180,MacOS,301,37.12,High,0.95,9,1,Replace Fan
e1c8e389,Asia-Pacific,2024-08-24 16:33:33.254135,51.56,45.19,31.95,22.53,440.45,53.1,1375,3,2024-07-20 16:33:33.254135,Linux,238,58.24,Medium,0.72,5,0,Replace Fan
983c775d,US-East,2024-05-05 15:44:00.464722,42.73,52.35,60.58,18.41,346.84,34.79,4526,4,2024-01-07 15:44:00.464722,Linux,158,73.09,Low,0.7,6,1,Replace Fan
33b633da,US-West,2024-10-03 09:43:04.818774,42.67,59.78,47.36,23.79,361.86,44.29,2618,2,2024-04-15 09:43:04.818774,Linux,161,81.61,High,0.78,7,1,Replace Disk
c54452b1,Asia-Pacific,2024-04-02 12:12:38.116055,53.29,69.42,78.31,19.51,416.36,48.57,1982,6,2023-10-30 12:12:38.116055,Ubuntu Server,94,24.16,Low,0.87,7,1,Software Update
11dca08d,US-West,2024-05-21 15:59:55.142686,66.92,55.74,41.78,21.26,385.3,26.59,4212,7,2024-01-04 15:59:55.142686,Red Hat,275,43.11,High,0.79,6,0,Upgrade RAM
04ec60af,Asia-Pacific,2024-04-21 15:08:43.149115,59.58,62.69,35.36,24.73,261.59,45.91,2861,6,2024-03-20 15:08:43.149115,Linux,286,78.39,Low,0.68,3,1,Replace Disk
8684e17e,US-East,2025-01-12 09:00:28.687826,49.7,58.38,64.29,18.98,368.67,36.15,1788,5,2024-10-12 09:00:28.687826,MacOS,311,61.52,High,0.54,2,0,None
13dc0289,EU-West,2025-01-05 03:54:04.711217,72.94,58.2,70.17,16.41,211.22,39.05,1559,7,2024-09-24 03:54:04.711217,Red Hat,164,73.73,Medium,0.65,2,1,Check Network
10b6034e,Asia-Pacific,2024-10-25 05:55:39.982303,59.28,55.14,32.54,22.44,210.29,37.07,3488,5,2024-07-21 05:55:39.982303,Linux,242,72.82,High,0.78,6,0,Replace Fan
6da4e248,US-West,2024-07-13 20:11:08.482131,41.3,80.54,51.18,19.42,426.74,39.97,1790,3,2024-04-13 20:11:08.482131,MacOS,173,58.7,Medium,0.81,7,1,Software Update
15ec768d,US-West,2024-06-19 21:59:56.054710,68.81,56.4,23.53,21.61,453.71,33.84,4089,5,2024-05-28 21:59:56.054710,Linux,276,61.18,Medium,0.56,1,1,None
57c5e355,EU-West,2024-12-07 10:48:58.177580,73.65,68.57,92.48,17.12,291.91,24.31,3948,7,2024-06-16 10:48:58.177580,Ubuntu Server,53,70.65,High,0.58,1,0,None
eaaed15a,EU-West,2025-01-22 14:07:08.402192,46.65,67.71,21.98,15.32,228.54,22.26,4176,6,2024-12-06 14:07:08.402192,Linux,253,62.95,High,0.76,7,1,Replace Disk
66f8f5d2,US-East,2024-11-12 06:50:34.966184,41.82,50.32,40.82,17.73,489.82,35.86,4877,0,2024-10-02 06:50:34.966184,Linux,311,81.52,Medium,0.48,2,0,None
1bbab32f,US-West,2024-11-07 05:20:48.052203,53.64,61.61,65.87,31.6,288.19,18.46,4070,2,2024-06-08 05:20:48.052203,Windows,329,85.4,Medium,0.9,10,1,Check Network
d817027a,Asia-Pacific,2024-12-12 20:27:42.372902,29.76,69.75,68.58,16.26,282.83,37.53,3499,3,2024-08-19 20:27:42.372902,Windows,363,64.64,High,0.78,8,1,Check Network
83572db3,EU-West,2025-01-16 16:22:55.501911,54.49,62.59,42.4,14.06,242.99,24.21,3569,8,2024-10-25 16:22:55.501911,Windows,307,88.63,Low,0.95,10,1,Replace Disk
20872e8c,EU-West,2024-10-28 23:56:59.809603,75.88,47.32,48.09,10.3,382.59,49.22,1701,5,2024-10-17 23:56:59.809603,MacOS,319,45.22,Medium,0.92,7,1,Replace Fan
c2792c9d,US-West,2024-08-12 10:14:11.930960,43.74,49.89,71.56,21.82,427.38,37.08,3377,5,2024-07-23 10:14:11.930960,Linux,23,62.99,Low,0.81,8,1,Replace Fan
9a25e00c,Asia-Pacific,2024-05-28 03:26:22.393765,82.86,62.03,39.35,25.12,248.22,56.58,2244,11,2024-05-07 03:26:22.393765,Red Hat,298,50.99,High,0.77,2,1,Upgrade RAM
368cf47e,US-East,2024-07-22 09:45:35.211480,78.6,62.74,88.42,18.08,231.84,36.5,1717,8,2024-02-24 09:45:35.211480,Red Hat,349,64.31,Medium,0.78,4,1,Replace Fan
51f463e3,US-East,2025-01-11 09:20:42.577847,56.23,66.54,60.36,15.19,418.87,51.77,1660,8,2024-12-28 09:20:42.577847,Red Hat,239,45.93,Low,0.85,6,1,Check Network
d92d764a,EU-West,2024-05-22 03:46:38.204739,53.42,51.52,84.77,22.39,353.24,34.92,2760,7,2024-01-23 03:46:38.204739,MacOS,294,56.41,Medium,0.9,9,1,Upgrade RAM
ba6069b0,Asia-Pacific,2024-08-24 01:43:57.676598,78.26,64.98,23.37,23.62,448.58,52.57,1596,8,2024-08-16 01:43:57.676598,Linux,87,80.82,Medium,0.68,1,1,Software Update
16453b66,US-East,2024-07-13 11:05:33.081537,63.9,84.82,73.0,14.93,334.4,26.63,3005,10,2024-02-13 11:05:33.081537,Red Hat,173,46.34,Medium,0.7,3,0,Upgrade RAM
9af8e294,EU-West,2024-04-24 22:18:40.647135,58.39,61.91,87.77,20.49,231.68,42.94,3281,11,2024-04-04 22:18:40.647135,Linux,264,77.63,Medium,0.58,1,0,None
fc9536b4,US-West,2025-03-15 11:17:38.386001,34.78,35.19,53.02,23.69,302.92,38.7,3279,2,2024-11-01 11:17:38.386001,Ubuntu Server,202,52.32,Low,0.43,2,1,None
2b3cb664,Asia-Pacific,2025-01-02 16:27:19.437556,42.23,52.59,61.14,21.16,497.68,49.91,1361,4,2024-12-21 16:27:19.437556,Linux,48,70.29,Medium,0.54,2,0,None
b4c26737,US-East,2024-07-26 19:19:49.461101,100.0,67.44,78.83,19.5,378.78,39.51,3911,8,2024-03-08 19:19:49.461101,Ubuntu Server,307,20.24,High,0.84,3,1,Replace Disk
2156f442,Asia-Pacific,2025-01-31 01:49:53.839260,47.98,55.75,54.29,19.62,487.76,58.23,3363,3,2024-11-23 01:49:53.839260,Ubuntu Server,69,60.58,High,0.84,7,1,Upgrade RAM
d47ce6ca,US-West,2025-01-17 14:54:27.978294,48.73,59.02,26.0,25.21,304.47,33.23,3521,4,2025-01-09 14:54:27.978294,Red Hat,260,62.56,High,0.93,10,1,Replace Fan
34b4bf17,Asia-Pacific,2025-01-26 01:46:26.798855,32.79,45.69,52.22,20.06,320.72,27.87,4585,3,2024-11-07 01:46:26.798855,Windows,324,55.13,High,0.37,1,0,None
68177945,US-West,2024-04-27 15:01:41.622989,59.94,51.95,83.27,21.11,207.22,41.43,2953,4,2023-11-23 15:01:41.622989,Windows,56,47.81,Medium,0.73,5,1,Upgrade RAM
85a78919,EU-West,2024-11-09 10:16:50.820646,31.38,60.44,36.72,20.5,497.34,48.08,4781,2,2024-06-10 10:16:50.820646,Red Hat,171,42.05,High,0.9,10,1,Replace Fan
bdb70c71,EU-West,2024-09-18 03:57:26.730115,74.79,60.39,77.32,23.83,427.99,39.52,3512,10,2024-09-02 03:57:26.730115,Ubuntu Server,178,59.72,Medium,0.73,3,1,Replace Disk
580d186c,EU-West,2024-12-12 00:46:41.105478,33.12,47.67,70.09,14.01,430.04,38.39,4882,3,2024-11-24 00:46:41.105478,Windows,130,78.92,Medium,0.7,7,1,Replace Fan
f00f6cf5,US-East,2024-08-18 20:26:04.680378,35.23,50.37,43.44,14.77,302.57,37.77,2236,4,2024-07-24 20:26:04.680378,Ubuntu Server,36,28.66,High,0.52,3,1,None
d9ae4178,EU-West,2024-05-01 09:19:48.284750,32.02,55.38,20.43,24.56,286.7,32.73,2031,3,2024-02-13 09:19:48.284750,Windows,96,36.89,Low,0.4,1,1,None
115df5e1,US-West,2024-07-18 12:35:08.618365,44.49,56.56,76.02,22.35,412.39,23.35,3755,5,2024-01-21 12:35:08.618365,Ubuntu Server,189,33.03,Low,0.68,6,1,Check Network
ba5ff344,EU-West,2024-05-15 23:33:18.592858,44.64,55.14,75.04,13.55,433.24,31.82,4870,4,2024-02-25 23:33:18.592858,Ubuntu Server,12,51.57,Medium,0.65,5,1,Replace Fan
f962a37a,EU-West,2025-01-03 09:48:44.652569,67.78,66.56,28.82,20.04,488.06,46.33,4452,6,2024-10-03 09:48:44.652569,Red Hat,140,52.95,High,0.82,5,1,Software Update
e63a9835,EU-West,2024-11-03 10:40:50.234589,84.25,53.24,28.03,17.2,226.04,40.46,1752,10,2024-10-03 10:40:50.234589,Red Hat,301,61.56,Low,0.9,6,1,Replace Disk
686ae855,Asia-Pacific,2024-10-08 19:13:17.060489,39.35,50.8,48.17,19.77,499.46,29.57,1099,4,2024-08-11 19:13:17.060489,Windows,12,57.82,Low,0.71,7,1,Upgrade RAM
85a16242,Asia-Pacific,2024-11-23 09:02:11.798805,47.62,57.33,39.68,21.27,382.73,33.03,4786,5,2024-08-13 09:02:11.798805,Windows,210,42.98,Medium,0.87,9,1,Check Network
f4620fc1,US-East,2024-08-07 06:50:37.427480,44.32,58.62,21.58,17.03,469.08,43.31,3163,2,2024-03-11 06:50:37.427480,MacOS,264,55.12,Medium,0.93,10,1,Check Network
64bdc9ba,EU-West,2024-11-12 09:16:27.422875,54.6,44.72,22.03,6.25,416.57,45.15,3959,7,2024-05-23 09:16:27.422875,Linux,59,78.28,Low,0.87,8,1,Replace Fan
f0c5d052,US-West,2024-10-29 08:28:04.180395,57.09,71.92,88.57,17.04,464.27,41.9,2140,4,2024-06-26 08:28:04.180395,Ubuntu Server,101,48.39,Medium,0.81,6,1,Replace Disk
95c96966,Asia-Pacific,2025-03-15 17:32:59.039593,54.18,46.42,24.13,15.04,227.59,35.52,3192,8,2024-09-17 17:32:59.039593,Red Hat,317,60.52,Medium,0.55,2,0,None
60db071c,Asia-Pacific,2024-10-10 07:30:05.968760,61.27,41.86,89.17,27.2,215.79,37.94,2954,9,2024-05-17 07:30:05.968760,Ubuntu Server,360,49.7,High,0.53,1,0,None
f20c3ca4,EU-West,2024-08-27 02:54:31.484042,51.97,52.06,48.49,20.79,484.81,49.48,2009,5,2024-04-01 02:54:31.484042,Linux,33,82.87,High,0.88,8,1,Upgrade RAM
dfe4c6b9,Asia-Pacific,2024-10-20 20:21:26.963266,42.94,45.06,26.03,24.65,314.21,54.6,2374,2,2024-09-20 20:21:26.963266,Ubuntu Server,210,24.17,Medium,0.58,3,1,None
2a873a94,US-East,2024-05-08 16:26:06.318301,58.77,67.13,38.09,10.49,461.06,37.71,1064,4,2023-12-27 16:26:06.318301,Linux,278,63.26,Medium,0.8,6,1,Check Network
265be040,US-East,2025-01-13 11:07:03.875471,58.12,45.43,52.74,29.79,431.16,27.65,4324,9,2024-10-08 11:07:03.875471,Red Hat,77,44.46,Medium,0.59,3,0,None
49f7a16b,EU-West,2024-08-09 01:24:54.218229,23.08,51.63,32.03,24.7,407.01,61.02,4376,2,2024-06-15 01:24:54.218229,Red Hat,284,65.32,Low,0.84,9,1,Replace Fan
3063bae9,Asia-Pacific,2024-09-29 21:31:05.195656,29.55,77.05,41.92,26.47,374.73,54.23,4025,3,2024-09-12 21:31:05.195656,MacOS,321,34.99,Medium,0.9,9,1,Replace Disk
049da1fe,Asia-Pacific,2024-11-04 14:12:42.575968,25.16,68.87,94.59,21.95,401.11,43.3,2877,4,2024-10-15 14:12:42.575968,Windows,57,39.73,High,0.73,7,1,Software Update
b846aea0,Asia-Pacific,2024-08-14 09:02:12.533244,55.28,53.97,25.6,17.93,328.87,39.52,3101,4,2024-07-04 09:02:12.533244,Windows,148,63.46,High,0.81,7,1,Replace Disk
e03becc9,Asia-Pacific,2025-02-28 07:08:25.904804,28.15,51.64,28.91,18.68,490.82,35.52,4235,4,2025-01-18 07:08:25.904804,MacOS,122,45.65,Low,0.69,7,1,Check Network
abd4ec8d,EU-West,2024-05-20 03:07:01.963429,47.5,67.93,69.41,23.84,419.5,32.16,4218,3,2024-01-13 03:07:01.963429,Red Hat,319,32.48,Low,0.88,9,1,Replace Fan
22ba40bf,US-East,2024-10-08 05:42:52.630914,61.04,74.54,21.42,21.03,436.08,48.84,4481,7,2024-08-10 05:42:52.630914,Windows,223,79.35,Medium,0.87,6,1,Replace Fan
c9178e2a,US-West,2024-07-18 02:13:38.513221,51.59,61.79,37.13,23.35,354.67,57.79,4303,7,2024-03-22 02:13:38.513221,MacOS,54,54.63,Low,0.93,8,1,Replace Disk
a4782e4f,EU-West,2024-11-21 23:11:55.723892,44.16,52.5,33.25,24.02,498.32,36.26,2268,5,2024-07-10 23:11:55.723892,Linux,347,33.98,High,0.81,8,1,Check Network
f02af7f0,US-West,2024-05-21 06:58:39.990924,73.84,62.0,44.8,16.2,320.01,33.47,2128,7,2024-04-14 06:58:39.990924,MacOS,7,56.12,High,0.65,2,0,Check Network
47b9a75f,EU-West,2024-10-17 16:50:36.354430,54.05,59.74,81.74,22.74,440.34,45.09,4818,7,2024-05-07 16:50:36.354430,MacOS,69,47.72,High,0.6,2,0,None
078adf50,EU-West,2024-09-14 14:29:17.225743,53.73,64.38,64.85,27.99,211.07,37.23,3287,7,2024-08-29 14:29:17.225743,Windows,29,63.41,Medium,0.68,4,1,Replace Fan
53c64acc,Asia-Pacific,2024-10-16 08:44:58.992062,41.29,49.56,22.25,19.3,270.68,36.62,1245,6,2024-10-10 08:44:58.992062,Red Hat,269,82.92,Medium,0.5,2,1,None
e193edcb,EU-West,2024-12-05 01:27:06.102960,17.69,54.49,45.68,25.34,433.92,45.0,2985,4,2024-06-21 01:27:06.102960,MacOS,234,47.63,Medium,0.43,2,0,None
3d6e2ab0,EU-West,2024-06-02 09:12:47.531709,63.65,66.87,84.41,18.81,443.39,37.6,3321,9,2024-01-05 09:12:47.531709,Linux,157,26.4,Medium,0.69,3,1,Replace Disk
c4f4ee7b,US-East,2024-08-27 10:25:40.063062,46.26,48.24,22.57,14.91,293.8,40.73,1050,3,2024-03-31 10:25:40.063062,Linux,293,57.46,High,0.62,4,0,Software Update
37698f9b,EU-West,2024-10-09 16:48:23.305637,39.53,58.35,53.12,4.68,292.6,30.93,3284,2,2024-05-13 16:48:23.305637,Red Hat,141,53.0,High,0.88,10,0,Upgrade RAM
74a76bdd,Asia-Pacific,2024-11-16 03:07:57.964979,55.16,59.08,41.15,22.71,367.17,24.7,3051,4,2024-05-21 03:07:57.964979,Red Hat,218,46.14,Low,0.93,10,1,Replace Disk
ecb9c4f6,US-East,2024-04-28 19:30:25.356084,86.79,49.94,57.46,16.27,385.78,41.71,1517,7,2024-02-04 19:30:25.356084,Windows,235,45.52,Medium,0.9,6,1,Software Update
20170c17,EU-West,2024-05-09 11:49:20.637673,57.49,69.1,61.81,23.26,299.18,35.29,4605,7,2024-04-11 11:49:20.637673,Windows,325,66.67,Low,1.0,10,1,Replace Disk
61da29f1,EU-West,2024-09-13 06:44:05.390045,36.28,69.51,31.47,15.84,288.67,26.41,4986,3,2024-05-11 06:44:05.390045,Ubuntu Server,260,48.4,Low,0.58,4,1,None
83e152e9,US-East,2025-03-19 12:43:14.440502,22.45,62.0,78.21,22.19,308.02,43.67,3847,3,2024-11-16 12:43:14.440502,Ubuntu Server,98,50.68,Medium,0.51,3,1,None
030ae5c2,EU-West,2024-05-25 04:12:41.092843,57.8,74.94,93.44,23.53,488.45,34.83,1163,7,2023-12-14 04:12:41.092843,Ubuntu Server,81,85.46,Low,0.61,2,1,Check Network
469e535c,Asia-Pacific,2025-03-12 23:26:48.446390,59.91,76.09,38.11,18.78,494.09,32.41,3626,5,2024-11-09 23:26:48.446390,Ubuntu Server,6,33.54,High,0.71,4,0,Software Update
e933fad5,US-East,2024-05-19 10:59:23.755532,45.85,53.12,69.87,21.67,367.47,31.7,4532,3,2024-02-05 10:59:23.755532,Windows,307,30.85,Medium,0.6,4,0,None
c35a6448,US-East,2024-06-10 09:27:49.698954,48.43,56.39,87.0,15.23,236.31,45.48,4647,6,2024-04-25 09:27:49.698954,MacOS,161,84.15,Low,0.67,4,0,Check Network
39b01c61,US-East,2024-10-15 10:10:08.675053,49.18,54.06,36.06,21.75,310.54,53.46,3915,4,2024-10-01 10:10:08.675053,MacOS,57,84.67,High,0.88,8,1,Check Network
dcf743d3,EU-West,2024-04-13 00:34:26.647169,78.72,70.63,31.34,16.01,460.19,33.39,3633,4,2023-11-09 00:34:26.647169,Linux,29,43.45,High,1.0,9,1,Upgrade RAM
d145c295,US-East,2024-12-22 05:53:20.188192,49.01,42.5,28.86,26.47,478.07,35.69,3150,4,2024-11-06 05:53:20.188192,Linux,261,82.79,Medium,0.7,6,0,Software Update
7e7ade98,EU-West,2024-12-30 01:38:50.888990,83.49,67.39,50.82,21.84,225.18,57.49,3255,9,2024-12-14 01:38:50.888990,Red Hat,88,41.37,Low,1.0,9,1,Replace Fan
8a68a58f,US-West,2025-03-20 03:46:24.268657,70.77,52.81,32.51,20.95,464.82,39.02,4966,6,2025-01-22 03:46:24.268657,Ubuntu Server,148,52.28,Low,0.88,7,1,Upgrade RAM
6487979c,US-West,2024-07-10 16:48:59.096856,59.3,66.05,76.95,20.29,409.84,46.83,4846,5,2024-02-18 16:48:59.096856,Windows,274,71.8,Low,0.58,1,0,None
c4eab212,Asia-Pacific,2024-09-20 14:40:41.198478,59.97,33.75,78.55,25.22,302.41,24.26,4035,2,2024-06-15 14:40:41.198478,Windows,169,31.48,High,0.74,7,0,Software Update
d721aacc,US-West,2024-12-16 21:54:22.655655,76.62,50.86,38.47,24.7,483.97,21.99,4546,7,2024-12-04 21:54:22.655655,Linux,244,24.09,Medium,0.9,8,1,Software Update
f550a79d,US-East,2024-12-08 19:21:58.002372,61.38,64.09,21.42,17.05,451.33,36.83,3621,4,2024-06-20 19:21:58.002372,MacOS,289,52.23,Low,0.8,6,1,Replace Disk
4b89b28a,US-East,2024-09-16 13:36:56.338240,43.59,60.35,82.85,20.48,296.05,19.78,1191,8,2024-06-09 13:36:56.338240,Linux,154,49.17,Medium,0.54,3,1,None
1d2d3c0a,Asia-Pacific,2024-09-04 04:19:43.059742,33.48,73.39,44.05,23.26,271.36,42.78,1754,3,2024-05-28 04:19:43.059742,Linux,89,75.84,Low,0.52,2,0,None
f06ad41b,EU-West,2025-02-04 23:18:52.825608,59.34,55.98,51.27,20.16,450.77,40.58,1655,7,2024-09-30 23:18:52.825608,Red Hat,83,41.56,Low,0.8,6,0,Software Update
63827ebc,EU-West,2024-07-18 12:39:37.336295,30.52,61.83,93.05,16.94,482.45,37.78,2790,4,2024-02-27 12:39:37.336295,Linux,159,53.07,Low,0.58,4,1,None
9630f41d,Asia-Pacific,2024-06-06 21:05:39.270148,48.37,74.42,62.43,24.24,477.79,48.07,2313,5,2024-01-17 21:05:39.270148,Ubuntu Server,203,76.82,High,0.56,1,0,None
a3cb8773,Asia-Pacific,2024-04-29 11:20:51.073719,51.33,50.23,76.61,21.05,415.54,49.96,2816,6,2023-11-13 11:20:51.073719,Red Hat,105,39.38,Medium,0.88,8,0,Replace Disk
cb672509,US-West,2024-08-11 01:29:16.456859,20.28,52.18,56.6,19.68,498.85,27.23,2791,1,2024-07-25 01:29:16.456859,Ubuntu Server,278,75.76,High,0.47,4,1,None
d5f8253b,Asia-Pacific,2024-10-04 04:41:56.934471,55.12,35.84,52.26,16.7,282.74,48.45,1613,4,2024-05-30 04:41:56.934471,Red Hat,186,59.72,Medium,0.75,6,1,Upgrade RAM
843878a8,EU-West,2024-10-10 22:59:44.272658,22.41,67.81,49.85,16.94,285.05,27.85,2824,5,2024-10-04 22:59:44.272658,Linux,343,88.85,Low,0.58,5,1,None
eb49e292,EU-West,2024-04-11 02:05:37.377023,67.31,71.43,57.12,25.92,467.93,60.51,4915,10,2023-12-05 02:05:37.377023,Linux,21,51.43,High,0.73,2,0,Upgrade RAM
5dff65b7,US-East,2024-07-28 19:23:27.008970,56.92,55.89,92.21,22.47,237.12,43.05,2414,6,2024-06-24 19:23:27.008970,Windows,227,87.43,Medium,0.94,9,1,Check Network
af0cbeac,Asia-Pacific,2024-09-20 11:21:19.012253,42.63,41.33,20.92,26.24,246.58,43.18,1049,10,2024-06-03 11:21:19.012253,MacOS,311,62.52,High,0.57,3,1,None
950cea33,Asia-Pacific,2024-09-06 15:00:01.721711,37.53,77.92,59.77,18.45,230.01,42.37,4319,1,2024-08-28 15:00:01.721711,MacOS,62,34.73,Medium,0.64,4,1,Upgrade RAM
3072c790,US-East,2025-03-12 09:22:22.307750,57.67,55.64,85.47,27.41,303.85,33.84,2468,6,2024-09-13 09:22:22.307750,Windows,244,51.8,High,0.62,3,0,Upgrade RAM
84aefcde,EU-West,2024-05-10 12:47:48.229251,43.4,43.81,72.96,19.35,294.97,40.18,4565,6,2023-12-31 12:47:48.229251,MacOS,257,60.84,High,0.66,5,1,Upgrade RAM
015da19c,EU-West,2024-11-06 06:25:29.091798,46.85,45.51,24.54,18.99,281.18,43.29,2270,7,2024-09-28 06:25:29.091798,Red Hat,142,72.61,Medium,0.94,10,0,Upgrade RAM
f8d4acc1,US-East,2024-09-10 04:05:16.912555,62.51,76.64,55.02,19.55,417.27,43.37,3449,5,2024-04-18 04:05:16.912555,Windows,345,64.76,Medium,1.0,10,1,Replace Fan
d1543a8f,EU-West,2024-09-12 21:53:08.718886,48.71,64.47,43.44,19.94,303.52,27.47,4297,9,2024-08-22 21:53:08.718886,Windows,83,20.73,Low,0.49,1,1,None
ee2f40c5,Asia-Pacific,2025-01-24 02:17:43.559543,52.18,55.37,83.22,26.16,423.15,32.86,4621,3,2024-08-16 02:17:43.559543,MacOS,4,26.0,High,0.78,7,1,Replace Fan
df029940,US-East,2024-10-04 00:02:09.062185,43.12,34.19,87.04,23.47,430.9,37.92,1343,5,2024-08-27 00:02:09.062185,Windows,259,71.57,Low,0.52,3,1,None
2e063511,EU-West,2024-08-25 22:10:28.000375,60.18,87.46,24.77,23.56,339.75,42.56,2925,7,2024-08-05 22:10:28.000375,Linux,94,46.27,Medium,0.67,2,1,Replace Fan
dbd8e4ee,Asia-Pacific,2024-05-28 17:20:26.948541,80.94,34.5,50.42,23.07,477.9,29.53,1700,15,2024-03-02 17:20:26.948541,Linux,263,64.49,Low,0.79,5,1,Check Network
4da6cf2d,Asia-Pacific,2024-05-06 10:54:07.273007,81.03,56.76,50.71,28.6,413.09,36.48,1656,11,2024-02-05 10:54:07.273007,Ubuntu Server,192,84.16,Low,0.89,6,1,Replace Fan
e281da8c,Asia-Pacific,2024-11-23 15:38:25.961046,36.62,59.33,94.56,21.91,416.37,30.25,3183,2,2024-09-26 15:38:25.961046,MacOS,301,49.44,Medium,0.46,2,0,None
ff91f55c,EU-West,2024-04-12 21:19:34.948651,74.28,46.79,45.02,20.25,335.27,40.07,3370,4,2023-11-19 21:19:34.948651,MacOS,47,82.51,Medium,0.73,4,1,Replace Disk
47a85c13,EU-West,2024-12-18 16:51:56.134336,44.89,65.27,71.29,17.54,234.85,35.0,2019,3,2024-11-22 16:51:56.134336,Ubuntu Server,181,63.26,Medium,0.68,5,1,Replace Fan
512d2184,US-West,2024-10-17 22:47:27.546904,68.18,71.75,34.47,21.92,308.12,52.26,3633,4,2024-08-11 22:47:27.546904,Red Hat,365,39.13,Medium,1.0,9,1,Replace Disk
88403c83,US-East,2024-10-08 02:30:25.797493,30.38,70.81,41.53,11.35,482.41,50.32,4945,2,2024-07-24 02:30:25.797493,Windows,119,37.72,Low,0.82,8,0,Replace Disk
17edd349,US-East,2024-06-24 17:27:45.374807,62.5,41.84,72.62,17.82,258.01,35.45,2618,6,2024-04-01 17:27:45.374807,MacOS,294,36.98,Medium,0.96,10,1,Upgrade RAM
e7c1a74e,Asia-Pacific,2024-11-10 10:13:09.395768,34.43,46.9,60.5,24.8,440.2,36.58,3995,0,2024-06-13 10:13:09.395768,Linux,166,49.8,High,0.39,1,1,None
7f827e2e,US-East,2024-05-17 20:46:31.436607,74.92,68.57,70.02,15.47,205.1,18.28,4499,6,2024-03-18 20:46:31.436607,MacOS,246,73.91,Medium,0.77,5,1,Software Update
bc4864bd,Asia-Pacific,2025-02-06 15:06:32.658532,41.54,66.38,92.86,24.87,243.87,37.64,1097,4,2024-10-30 15:06:32.658532,Red Hat,344,56.66,Low,0.53,2,1,None
6f9b7d45,Asia-Pacific,2024-07-22 18:40:03.347115,57.45,64.96,32.03,22.91,456.06,25.8,2767,5,2024-05-19 18:40:03.347115,Red Hat,231,79.73,Low,0.61,3,0,Upgrade RAM
e0e173df,Asia-Pacific,2024-08-22 15:21:56.541165,30.15,63.49,75.49,21.79,394.68,37.09,2451,2,2024-04-20 15:21:56.541165,Red Hat,80,59.53,Medium,0.47,2,0,None
446e39ad,US-East,2024-09-15 03:48:28.873424,46.31,41.49,74.55,20.57,272.73,36.68,1009,4,2024-03-29 03:48:28.873424,Red Hat,205,20.95,High,0.64,5,0,Replace Fan
eb9ccad7,US-East,2025-01-30 18:15:44.440580,43.18,66.15,93.78,24.87,429.31,35.7,1573,2,2024-11-30 18:15:44.440580,Red Hat,339,77.91,High,0.52,2,0,None
27a291b1,EU-West,2024-05-29 05:26:19.622085,26.49,58.84,56.28,21.43,342.86,46.96,4776,2,2024-03-12 05:26:19.622085,Ubuntu Server,288,76.16,Low,0.87,10,1,Check Network
558db041,Asia-Pacific,2024-08-29 15:28:19.080164,50.95,59.05,66.69,23.19,486.47,50.77,3135,7,2024-04-12 15:28:19.080164,MacOS,260,63.96,Medium,0.7,4,1,Check Network
66e41b70,US-West,2024-12-03 08:39:43.681645,36.84,66.2,44.5,19.05,210.02,38.79,3308,3,2024-10-26 08:39:43.681645,Linux,260,21.79,High,0.76,7,1,Software Update
b055b201,Asia-Pacific,2024-05-06 09:10:52.586396,38.46,59.21,49.33,25.54,465.84,23.82,4151,3,2023-11-18 09:10:52.586396,Ubuntu Server,231,44.23,High,0.46,2,1,None
db19ead2,EU-West,2024-11-12 02:43:14.306714,31.01,70.22,69.09,24.41,292.13,42.35,2652,2,2024-06-20 02:43:14.306714,MacOS,235,75.25,Medium,0.6,4,1,None
ecc42bad,Asia-Pacific,2024-12-30 21:46:19.453191,42.02,55.68,65.35,21.61,452.81,35.27,1287,4,2024-11-11 21:46:19.453191,Linux,19,37.27,Low,0.6,4,0,None
4bab3b50,Asia-Pacific,2024-08-08 11:46:02.296354,62.53,66.19,76.59,22.77,314.92,52.09,3968,5,2024-03-15 11:46:02.296354,MacOS,284,60.25,Low,1.0,10,1,Check Network
f4ae1607,EU-West,2024-11-01 12:41:49.493593,42.88,55.15,45.36,16.93,356.37,36.17,3036,3,2024-09-26 12:41:49.493593,Ubuntu Server,126,59.26,High,0.75,7,0,Check Network
4cf2a4f3,Asia-Pacific,2024-07-03 04:29:59.855268,53.09,38.18,66.35,23.21,443.16,48.05,4486,3,2024-06-12 04:29:59.855268,Ubuntu Server,220,43.15,Low,0.79,7,1,Replace Fan
be8daa59,Asia-Pacific,2025-03-04 10:53:35.801746,87.19,77.14,91.57,28.08,412.91,38.76,4056,11,2024-10-29 10:53:35.801746,Linux,254,52.89,Low,1.0,10,1,Upgrade RAM
e72c1273,US-East,2024-07-03 17:50:59.923414,27.6,53.51,91.93,17.66,254.72,34.02,4195,5,2024-06-15 17:50:59.923414,MacOS,56,50.22,High,0.39,1,0,None
faf47b8a,Asia-Pacific,2024-12-18 07:19:03.865470,53.79,62.62,52.32,19.61,314.82,40.16,3482,5,2024-08-27 07:19:03.865470,Ubuntu Server,283,20.94,High,0.98,10,1,Replace Disk
072d2a69,US-West,2024-09-03 02:37:06.532290,77.37,59.23,24.17,13.19,263.87,44.42,4134,6,2024-03-23 02:37:06.532290,Red Hat,53,70.51,High,0.64,1,1,Check Network
02a4544d,US-West,2024-11-10 15:47:13.226706,60.88,61.81,75.05,10.41,227.18,16.46,4190,5,2024-09-26 15:47:13.226706,Linux,111,32.36,Medium,0.54,2,1,None
e125d483,US-West,2024-04-18 19:44:09.387159,41.96,63.68,50.84,23.14,405.06,34.87,3038,3,2023-12-24 19:44:09.387159,MacOS,141,62.53,High,0.46,1,1,None
e0a04986,Asia-Pacific,2024-12-28 23:45:59.095443,67.15,56.48,83.59,12.63,483.38,30.24,2862,3,2024-11-10 23:45:59.095443,MacOS,277,88.74,Low,0.78,6,1,Replace Fan
1e43db92,US-West,2024-11-12 11:18:05.506761,54.04,59.68,33.83,23.21,207.0,32.14,2356,2,2024-08-01 11:18:05.506761,Windows,342,83.58,Low,0.89,9,1,Upgrade RAM
0bb93b10,US-East,2024-09-17 22:56:35.398672,68.55,58.75,86.99,32.44,464.78,47.2,4377,9,2024-08-16 22:56:35.398672,Windows,286,62.85,Low,0.72,3,1,Check Network
e5a0dd9f,US-West,2024-06-27 18:35:35.485156,40.95,69.73,37.45,22.42,499.3,36.7,2407,5,2024-01-30 18:35:35.485156,Windows,107,30.13,Low,0.83,8,1,Upgrade RAM
24da91a9,Asia-Pacific,2024-10-18 02:00:56.406654,58.47,51.25,66.34,20.14,358.0,15.92,1795,6,2024-06-29 02:00:56.406654,Windows,58,34.75,Medium,0.76,7,0,Upgrade RAM
37882241,US-East,2024-07-24 01:09:09.671329,66.88,65.06,84.55,19.57,359.38,34.8,4645,6,2024-01-26 01:09:09.671329,Red Hat,284,52.67,Low,1.0,10,1,Replace Fan
0518523f,EU-West,2025-02-08 13:13:45.826372,53.57,64.9,65.26,12.39,229.88,33.34,3868,2,2024-12-25 13:13:45.826372,MacOS,147,78.45,Medium,0.9,9,0,Replace Fan
2f056ac1,Asia-Pacific,2024-04-27 18:56:06.149632,72.75,59.55,74.56,18.41,397.34,52.79,4060,12,2024-03-27 18:56:06.149632,Linux,99,20.13,Medium,0.67,1,1,Check Network
1530e45d,US-West,2025-03-05 08:05:56.806167,48.92,62.12,69.2,11.54,226.92,29.18,2088,6,2024-10-30 08:05:56.806167,Windows,328,27.93,Medium,0.68,5,1,Check Network
b73de6fa,US-East,2024-09-11 20:42:18.637917,74.42,63.02,84.85,17.66,463.08,38.57,1794,2,2024-06-20 20:42:18.637917,Red Hat,187,26.3,Medium,0.65,2,1,Upgrade RAM
f77ff93d,US-West,2024-08-21 06:50:50.234078,7.16,61.61,75.98,19.7,306.47,24.53,1432,1,2024-06-16 06:50:50.234078,Linux,156,41.56,High,0.48,5,1,None
615b24e4,US-East,2024-05-09 15:35:10.002305,59.49,54.04,43.45,27.2,482.61,37.75,2448,7,2023-12-10 15:35:10.002305,Red Hat,34,43.67,High,0.74,5,1,Replace Fan
abfc3a70,Asia-Pacific,2024-08-09 15:05:53.148199,40.54,61.74,82.82,9.83,320.67,60.32,4140,6,2024-08-04 15:05:53.148199,Windows,162,75.34,Low,0.54,1,1,None
3d265ad3,US-West,2024-11-27 20:40:11.709101,49.17,53.38,37.62,18.16,207.99,46.35,4160,3,2024-11-03 20:40:11.709101,Red Hat,262,83.91,Low,0.9,9,1,Replace Disk
029725c1,US-East,2024-12-29 04:05:43.381588,68.92,61.99,62.85,15.18,338.18,37.89,2778,4,2024-09-15 04:05:43.381588,Linux,7,70.7,High,0.68,3,1,Upgrade RAM
ee6f6917,US-West,2024-12-16 13:02:45.266856,48.26,52.66,57.42,22.28,308.41,40.21,3139,7,2024-08-09 13:02:45.266856,Red Hat,163,48.9,Low,0.55,2,1,None
8519910e,EU-West,2025-01-18 21:06:21.996826,48.86,58.37,42.42,17.52,215.98,40.59,3029,6,2024-10-10 21:06:21.996826,Linux,13,28.05,Medium,0.66,4,0,Replace Disk
4238c11b,Asia-Pacific,2024-10-02 10:34:46.921459,25.58,73.4,23.28,25.26,203.49,46.69,3161,5,2024-08-28 10:34:46.921459,Windows,37,69.69,High,0.71,6,0,Software Update
2a9fed02,EU-West,2025-01-24 21:45:57.323389,50.99,64.59,69.84,22.88,385.79,39.03,1340,3,2024-08-07 21:45:57.323389,Red Hat,218,27.15,Medium,0.81,7,1,Software Update
7569ccbf,Asia-Pacific,2025-01-08 05:56:41.527461,37.61,69.63,21.87,17.53,418.79,33.71,2160,4,2024-10-23 05:56:41.527461,MacOS,70,26.19,Medium,0.76,7,0,Replace Disk
88260f73,US-East,2024-09-18 08:40:29.495718,44.36,56.62,58.55,17.57,347.17,33.5,1655,2,2024-03-25 08:40:29.495718,Linux,336,56.92,High,0.9,10,1,Software Update
4d881d2a,US-West,2024-10-12 08:49:31.108060,36.74,51.75,21.82,28.64,347.37,56.85,4596,6,2024-09-06 08:49:31.108060,Red Hat,297,39.24,Medium,0.9,9,1,Replace Disk
cbc47dbd,EU-West,2024-12-26 20:04:30.859998,53.82,61.04,86.41,24.14,444.92,53.66,2458,5,2024-10-23 20:04:30.859998,Ubuntu Server,274,50.38,Low,0.62,2,0,Check Network
3310f45a,Asia-Pacific,2024-12-07 09:36:24.431118,65.19,48.42,55.03,15.16,295.77,44.72,4987,5,2024-06-30 09:36:24.431118,Linux,211,22.33,Medium,0.86,7,1,Replace Fan
b2f2d42a,US-East,2025-02-17 14:34:47.910881,51.23,55.84,93.07,23.01,401.07,26.63,2092,2,2025-01-03 14:34:47.910881,Linux,294,88.04,High,0.9,10,1,Replace Fan
5ea6ca9b,EU-West,2024-07-02 00:48:28.250507,49.44,59.83,25.37,24.87,303.89,44.71,3492,6,2024-04-19 00:48:28.250507,Red Hat,362,63.57,Low,0.68,4,1,Replace Disk
f305c95d,EU-West,2024-05-22 10:20:32.845870,66.34,56.62,28.67,22.01,465.47,10.96,1774,8,2024-02-17 10:20:32.845870,Linux,27,23.94,Medium,0.94,10,1,Upgrade RAM
0da3c8f1,EU-West,2024-11-21 00:36:55.007291,52.28,61.61,80.08,26.04,456.2,32.68,2992,3,2024-08-29 00:36:55.007291,Linux,352,55.76,High,0.84,8,1,Check Network
2ff31406,US-East,2024-10-25 17:21:10.306822,58.07,60.13,89.43,25.1,482.74,34.54,3110,5,2024-05-13 17:21:10.306822,Linux,62,69.19,Low,0.58,2,1,None
27dc5699,US-East,2024-04-16 11:07:20.744047,52.71,62.71,21.02,14.84,231.93,22.67,4958,5,2024-01-29 11:07:20.744047,Ubuntu Server,258,64.84,High,0.47,1,0,None
1bd7e3c6,Asia-Pacific,2024-04-05 01:06:08.453521,66.06,54.85,48.58,11.31,219.36,52.29,1668,11,2023-10-25 01:06:08.453521,Red Hat,300,31.94,Medium,1.0,9,1,Replace Fan
234a4d0e,Asia-Pacific,2025-03-09 23:18:08.041886,22.94,47.23,87.2,27.51,310.93,31.63,3698,2,2024-09-14 23:18:08.041886,Ubuntu Server,174,76.41,Medium,0.34,1,0,None
18f4560a,US-West,2025-02-21 00:59:49.194430,61.61,82.91,74.81,17.96,410.95,46.29,2823,4,2024-12-28 00:59:49.194430,Ubuntu Server,361,81.35,Low,1.0,10,1,Replace Disk
4bd1e28e,Asia-Pacific,2024-05-25 16:52:41.278883,53.37,72.07,94.15,22.01,453.76,36.02,1050,3,2024-04-25 16:52:41.278883,Linux,76,66.36,Low,0.53,1,0,None
89c9afc4,Asia-Pacific,2024-07-05 10:44:15.762030,63.16,65.05,73.13,27.58,243.21,41.23,3890,11,2024-03-07 10:44:15.762030,Red Hat,297,44.16,High,0.85,6,0,Replace Fan
75bf4e81,US-West,2024-06-05 06:19:59.240259,28.45,55.15,30.91,17.77,233.69,35.92,3598,5,2024-03-04 06:19:59.240259,MacOS,365,36.25,High,0.7,7,1,Replace Disk
bce00542,Asia-Pacific,2024-11-03 06:36:22.183967,45.38,67.3,28.96,23.01,480.19,32.71,4608,4,2024-08-18 06:36:22.183967,Ubuntu Server,248,48.42,High,0.93,10,1,Replace Disk
6bd4bd59,Asia-Pacific,2025-03-20 01:28:44.716995,61.1,65.05,50.66,17.01,435.5,33.1,4918,5,2025-03-04 01:28:44.716995,Windows,68,73.5,High,0.94,9,1,Upgrade RAM
eca1fba2,US-West,2024-05-22 11:50:33.364811,41.1,60.09,32.39,21.01,278.53,32.91,4674,9,2024-04-20 11:50:33.364811,Linux,282,78.26,High,0.62,4,1,Software Update
fa3ea3de,Asia-Pacific,2024-11-30 05:59:23.467787,86.46,64.04,53.76,27.44,290.87,21.89,2005,10,2024-08-15 05:59:23.467787,Linux,72,80.48,High,0.78,4,0,Check Network
9a27f81e,US-East,2024-08-30 09:12:06.404048,66.04,43.44,39.36,19.39,352.72,33.97,3155,7,2024-05-25 09:12:06.404048,Ubuntu Server,108,77.51,High,0.88,8,0,Replace Disk
a2c6e33f,EU-West,2024-09-12 05:38:38.061640,53.73,66.49,82.59,28.32,387.78,48.33,1530,5,2024-06-09 05:38:38.061640,Red Hat,306,52.19,High,0.61,2,1,Replace Disk
f3f42705,US-East,2024-12-26 11:16:16.600016,52.71,42.86,59.14,20.34,387.16,49.45,4367,4,2024-07-27 11:16:16.600016,Linux,137,86.06,High,0.61,3,1,Upgrade RAM
4a3956bb,EU-West,2024-10-23 07:08:43.480526,39.27,78.17,76.35,19.1,380.95,35.74,3820,4,2024-06-05 07:08:43.480526,Linux,235,31.92,High,0.59,3,1,None
68a7453b,US-East,2024-12-14 01:49:23.613678,48.5,63.06,73.03,17.57,201.93,50.61,4701,6,2024-09-30 01:49:23.613678,Linux,29,41.34,Medium,0.85,7,1,Replace Fan
b8df20b3,US-West,2024-11-18 10:23:32.148319,54.68,66.61,61.32,15.63,379.78,35.54,3175,12,2024-07-25 10:23:32.148319,MacOS,89,43.84,Low,0.96,9,1,Replace Fan
72018c69,US-East,2024-10-10 16:09:27.388234,56.15,70.47,21.78,22.41,417.77,44.63,4584,4,2024-08-10 16:09:27.388234,Linux,80,87.28,Medium,0.67,3,1,Replace Fan
0f3753eb,US-West,2024-07-26 17:21:01.865910,38.33,60.09,82.07,15.07,286.1,64.71,3593,8,2024-05-22 17:21:01.865910,Ubuntu Server,347,48.51,Medium,0.6,2,1,None
6d11f2fe,US-West,2024-11-02 10:24:45.774798,47.18,70.68,20.84,15.59,490.06,28.06,4835,5,2024-05-10 10:24:45.774798,Red Hat,288,71.35,Low,0.53,2,0,None
9b4d17d3,US-East,2024-08-12 16:57:33.064719,26.27,55.01,93.52,21.63,226.08,33.41,4292,2,2024-03-02 16:57:33.064719,Linux,27,60.23,Low,0.67,7,0,Check Network
9432e48e,US-East,2024-05-12 12:30:49.092908,51.37,45.33,70.63,28.95,438.1,38.49,4082,9,2024-01-17 12:30:49.092908,Red Hat,267,70.85,High,0.9,9,1,Check Network
5af4a422,US-West,2024-08-18 15:18:43.125170,49.58,69.99,26.29,17.57,414.13,48.04,2461,10,2024-02-22 15:18:43.125170,Linux,345,47.53,High,0.72,4,1,Replace Fan
35bebc33,US-West,2025-01-31 09:36:14.386697,50.46,69.55,55.43,17.86,468.08,39.01,2348,3,2024-08-19 09:36:14.386697,MacOS,227,62.13,Medium,0.97,10,1,Software Update
8bc28d39,US-West,2024-09-15 03:52:54.332444,50.33,47.85,68.21,11.86,269.05,58.9,4956,6,2024-06-05 03:52:54.332444,Linux,102,47.03,High,0.6,2,1,None
be209882,US-East,2024-07-19 16:27:15.451095,56.05,38.94,91.42,16.89,338.86,48.99,2658,8,2024-01-29 16:27:15.451095,MacOS,234,50.7,Medium,0.83,7,1,Check Network
df2fc033,EU-West,2025-03-04 13:05:43.906904,37.17,67.11,58.95,13.65,326.11,40.31,1334,2,2024-10-26 13:05:43.906904,Linux,79,40.84,Medium,0.71,6,0,Software Update
7d5f521e,Asia-Pacific,2024-12-29 06:54:28.719847,41.28,71.85,29.17,20.45,330.07,33.05,4420,1,2024-08-05 06:54:28.719847,Ubuntu Server,138,39.38,Medium,0.86,9,0,Replace Fan
b5f5e902,US-West,2024-08-19 20:48:27.809563,53.59,59.3,28.87,15.11,205.38,35.98,2215,6,2024-03-02 20:48:27.809563,Red Hat,211,52.0,Low,0.61,3,1,Upgrade RAM
d2b50272,US-West,2024-11-07 04:46:33.204939,30.64,72.37,72.86,13.27,482.99,29.86,3456,3,2024-06-16 04:46:33.204939,MacOS,123,46.18,High,0.57,4,1,None
76c93ea6,EU-West,2024-06-04 18:29:26.946583,55.89,45.88,78.27,21.87,426.24,34.18,3211,3,2024-04-20 18:29:26.946583,Ubuntu Server,365,71.02,Medium,0.73,6,1,Replace Fan
d08e7eac,EU-West,2024-07-28 15:17:57.232193,60.53,55.64,56.53,28.8,412.08,45.89,4528,7,2024-05-12 15:17:57.232193,Linux,143,52.85,Low,0.62,2,0,Replace Fan
56809fc5,US-East,2024-07-25 04:18:59.308037,59.3,55.33,36.79,16.85,441.32,32.15,1333,8,2024-06-26 04:18:59.308037,Windows,33,31.06,Medium,0.73,5,1,Software Update
498741f7,US-West,2024-10-30 09:03:15.783030,48.7,55.93,57.26,23.31,230.36,45.62,2760,5,2024-06-19 09:03:15.783030,MacOS,17,20.86,Medium,0.56,2,1,None
8b71c105,US-West,2025-03-12 00:04:12.260719,63.12,45.68,94.03,11.61,372.11,50.8,4544,6,2025-02-01 00:04:12.260719,MacOS,96,54.67,High,0.67,3,1,Software Update
fdadee0f,Asia-Pacific,2024-07-27 15:08:55.255014,42.93,81.49,93.09,22.7,202.91,52.18,4437,1,2024-03-08 15:08:55.255014,Red Hat,332,67.92,High,0.75,5,1,Upgrade RAM
6c5c3534,US-East,2024-11-22 20:01:26.517055,59.83,63.04,20.87,29.55,249.37,26.54,3359,12,2024-07-09 20:01:26.517055,Windows,284,83.35,Low,0.89,8,0,Replace Fan
5416b8f6,US-West,2024-07-23 06:09:19.675412,37.93,71.72,63.54,27.11,495.21,49.42,2023,6,2024-04-22 06:09:19.675412,Linux,197,87.01,Medium,0.82,7,1,Upgrade RAM
5afc72a5,EU-West,2025-01-03 06:20:08.317330,55.6,58.97,72.62,15.24,238.29,50.36,4591,7,2024-11-24 06:20:08.317330,Ubuntu Server,130,32.81,Medium,1.0,10,1,Replace Fan
c9bcc674,US-West,2025-01-08 00:55:21.747817,61.8,59.18,42.67,14.43,403.57,36.65,1722,4,2024-12-17 00:55:21.747817,Linux,75,47.74,Medium,0.59,2,0,None
7a6c511c,EU-West,2024-06-09 02:24:33.358708,47.63,66.94,45.21,23.11,465.04,30.71,3122,5,2024-04-20 02:24:33.358708,Red Hat,19,29.17,High,0.84,8,1,Replace Disk
61b26367,Asia-Pacific,2024-11-07 02:09:31.789284,42.93,65.86,74.61,17.95,298.51,58.76,1330,3,2024-09-14 02:09:31.789284,Windows,133,85.4,Low,0.59,2,1,None
12f55e67,US-West,2024-04-12 17:57:17.191243,21.98,79.31,24.2,17.45,365.24,34.34,3257,1,2024-01-19 17:57:17.191243,Ubuntu Server,205,57.21,Medium,0.85,10,1,Replace Fan
e9fe9006,EU-West,2025-01-18 13:23:32.646535,40.13,48.31,36.16,17.72,324.0,49.32,3766,2,2024-12-22 13:23:32.646535,Linux,364,59.91,High,0.56,3,0,None
53f76c20,US-East,2024-06-16 14:13:16.739999,54.23,69.62,64.48,26.56,374.24,37.23,3389,5,2024-06-04 14:13:16.739999,Linux,1,74.45,Low,0.89,8,1,Check Network
cd8364c4,EU-West,2025-01-18 19:30:25.529332,59.53,82.47,90.65,25.31,291.43,58.72,4525,6,2025-01-08 19:30:25.529332,Red Hat,277,84.19,High,0.85,5,1,Replace Fan
91f04006,US-West,2024-07-01 13:43:13.318104,54.05,60.0,47.28,22.53,498.68,55.51,4892,6,2024-05-14 13:43:13.318104,Red Hat,76,74.23,Medium,0.78,5,1,Replace Disk
ea8b4312,US-East,2024-05-16 20:29:24.799527,46.06,61.32,34.68,10.48,209.34,48.84,3618,5,2024-03-07 20:29:24.799527,MacOS,131,74.1,High,0.72,5,0,Check Network
eb5e86ad,US-East,2024-04-02 15:50:39.381927,33.78,72.06,84.04,22.34,461.97,44.11,2830,7,2024-01-15 15:50:39.381927,Red Hat,92,53.84,High,0.89,9,0,Replace Fan
6a2e1fad,US-East,2024-08-09 17:31:24.328632,56.14,63.42,65.56,23.7,445.81,48.04,4702,3,2024-03-12 17:31:24.328632,MacOS,100,44.69,High,0.61,2,0,Check Network
b6afce8c,Asia-Pacific,2025-01-26 12:15:43.918590,46.58,53.51,65.12,16.03,255.12,17.57,1983,4,2024-07-31 12:15:43.918590,Linux,328,40.33,Medium,0.61,5,1,Replace Disk
ebde5631,US-East,2024-10-02 03:13:25.867506,80.05,67.64,21.12,28.67,350.15,38.56,3981,12,2024-04-20 03:13:25.867506,Ubuntu Server,283,55.5,Low,0.77,3,1,Check Network
4a30c49e,Asia-Pacific,2024-04-29 17:44:09.774956,23.31,62.22,49.14,23.9,303.24,30.12,4735,2,2024-04-02 17:44:09.774956,Linux,43,61.94,High,0.77,9,1,Upgrade RAM
fe6428fe,EU-West,2024-12-10 21:09:43.906973,50.79,62.05,32.78,16.11,390.47,39.66,3967,8,2024-09-18 21:09:43.906973,MacOS,344,72.05,Low,0.58,2,1,None
a7a8c795,US-East,2024-07-31 01:21:04.334707,47.08,68.0,72.57,16.37,469.38,37.32,3848,4,2024-06-08 01:21:04.334707,Red Hat,252,20.15,High,0.8,7,1,Replace Disk
9970ff31,EU-West,2024-07-27 00:45:50.336126,63.11,64.61,71.45,14.54,213.36,33.37,1551,5,2024-07-12 00:45:50.336126,Red Hat,360,57.9,Low,0.55,1,1,None
68d64532,EU-West,2024-09-29 20:32:05.208228,64.39,49.45,56.96,16.82,253.59,34.42,1066,4,2024-07-12 20:32:05.208228,Ubuntu Server,233,71.31,Medium,0.53,1,0,None
5ca29a7c,US-West,2024-07-30 10:57:23.727264,54.33,57.65,94.42,15.37,355.25,23.33,1994,7,2024-02-26 10:57:23.727264,Windows,275,71.79,Medium,0.68,5,1,Replace Disk
ab7c415c,Asia-Pacific,2024-08-05 02:27:06.967901,34.6,58.07,28.71,11.0,269.11,35.49,3782,4,2024-04-21 02:27:06.967901,Windows,83,29.36,Low,0.48,2,1,None
3b0fe589,US-West,2024-09-22 11:59:39.726851,46.41,59.22,66.94,26.08,381.32,31.36,4969,2,2024-07-05 11:59:39.726851,Ubuntu Server,291,47.58,Low,0.86,9,0,Upgrade RAM
e2ac0114,US-West,2024-07-15 07:52:43.589776,52.83,52.35,34.03,25.46,449.79,57.28,1651,5,2024-06-12 07:52:43.589776,MacOS,166,68.37,Low,0.56,1,0,None
1f589038,Asia-Pacific,2024-08-15 11:41:17.532692,37.43,47.48,73.77,18.92,219.69,50.84,4862,3,2024-07-12 11:41:17.532692,MacOS,72,80.1,Low,0.76,7,1,Replace Fan
88008c2e,Asia-Pacific,2025-03-01 23:08:48.796571,50.76,50.55,26.44,19.3,407.4,46.61,2339,5,2025-01-13 23:08:48.796571,Linux,110,83.2,High,0.86,8,1,Replace Disk
b6c27af4,US-East,2025-02-10 10:21:20.695889,70.39,51.41,39.85,18.17,287.86,55.31,2563,12,2024-12-21 10:21:20.695889,Linux,311,40.86,Low,0.95,7,1,Replace Disk
545057d8,US-West,2024-08-20 11:34:58.046683,57.16,73.11,88.32,11.76,358.4,41.02,3309,6,2024-08-09 11:34:58.046683,Red Hat,261,52.57,Medium,0.62,2,1,Check Network
b0fd0ad0,US-West,2025-02-12 10:03:14.661403,59.18,43.01,44.37,17.97,402.07,33.8,1682,7,2024-10-05 10:03:14.661403,Red Hat,280,36.76,Low,0.9,9,1,Replace Fan
76db5dae,Asia-Pacific,2025-01-02 16:57:04.182005,60.1,51.38,33.04,20.93,248.88,43.14,1083,6,2024-07-23 16:57:04.182005,Windows,182,21.83,High,0.6,2,1,None
5b48aa1e,US-East,2025-03-10 05:53:56.368000,16.7,60.21,43.7,20.38,367.51,29.34,4207,0,2024-09-26 05:53:56.368000,Windows,75,37.48,High,0.63,7,1,Replace Fan
08cce231,US-West,2025-01-21 21:09:02.647391,56.54,70.2,78.14,24.44,207.07,47.24,4370,8,2024-08-28 21:09:02.647391,Red Hat,275,22.46,Low,0.64,2,1,Software Update
0ad54e74,US-West,2024-05-21 21:47:50.326746,53.13,82.23,25.5,17.16,385.53,43.35,4089,5,2024-03-20 21:47:50.326746,Red Hat,118,61.58,Medium,0.98,9,1,Replace Fan
76efc034,EU-West,2025-02-20 07:47:22.624148,48.31,75.82,75.95,21.41,441.29,35.24,3501,4,2024-08-26 07:47:22.624148,Linux,219,63.22,Medium,0.67,4,0,Replace Disk
2ffea365,US-East,2024-07-15 06:03:24.228423,56.48,66.02,47.14,14.75,240.69,60.57,1719,5,2024-03-30 06:03:24.228423,Red Hat,169,34.78,High,0.96,8,1,Upgrade RAM
838e1694,US-East,2024-04-15 09:23:05.851774,24.29,51.42,27.99,27.21,261.78,33.23,1775,3,2024-02-02 09:23:05.851774,Windows,117,72.97,High,0.81,10,0,Upgrade RAM
ae5846f4,US-West,2024-06-23 21:56:43.337225,75.4,67.67,59.17,17.48,338.16,38.43,3781,6,2024-04-17 21:56:43.337225,Windows,328,78.31,Low,0.88,6,1,Software Update
07e30d46,EU-West,2024-11-13 18:00:18.575159,52.55,57.04,41.39,25.61,347.83,26.36,2687,7,2024-08-11 18:00:18.575159,Linux,350,87.01,Low,0.53,2,1,None
e1536f79,US-West,2024-12-25 13:13:02.777336,46.99,61.37,29.83,18.71,430.01,37.99,2150,5,2024-11-25 13:13:02.777336,Red Hat,135,42.85,Medium,0.74,6,1,Upgrade RAM
b290474c,EU-West,2025-02-28 02:55:15.350609,44.57,48.59,66.13,20.95,225.21,33.72,2970,2,2025-01-06 02:55:15.350609,Linux,127,64.08,High,0.83,9,0,Replace Fan
815d3b77,US-East,2024-04-21 12:43:29.565539,53.59,62.57,46.41,21.52,337.37,42.13,1948,5,2024-02-27 12:43:29.565539,MacOS,348,69.94,High,0.64,3,0,Upgrade RAM
5f666fb3,Asia-Pacific,2024-07-14 00:29:53.063138,55.44,64.11,30.2,22.29,212.7,37.29,4442,2,2024-06-02 00:29:53.063138,Linux,284,27.93,High,0.77,6,0,Replace Fan
e45903bd,US-East,2024-10-12 18:04:42.298134,39.33,50.36,65.28,20.29,382.44,40.77,1759,4,2024-04-17 18:04:42.298134,Linux,59,81.72,High,0.9,10,1,Check Network
5984ae1b,US-West,2024-04-17 07:51:42.591831,46.29,37.51,51.15,17.66,365.68,36.24,4295,5,2024-02-13 07:51:42.591831,MacOS,176,59.72,High,0.54,3,1,None
e68c94a0,Asia-Pacific,2024-07-16 07:39:26.948692,42.4,64.69,39.91,15.33,338.7,38.57,4747,8,2024-02-25 07:39:26.948692,MacOS,92,83.12,Medium,0.5,1,1,None
2f62807a,EU-West,2025-03-16 23:32:54.361783,37.14,72.08,72.79,16.42,295.27,45.64,2701,4,2024-11-12 23:32:54.361783,Ubuntu Server,174,20.88,Low,0.75,6,1,Upgrade RAM
dccf5168,EU-West,2025-01-10 18:09:13.924773,32.37,64.62,66.46,27.11,310.91,32.79,4375,4,2024-09-22 18:09:13.924773,Linux,116,74.35,Low,0.62,5,1,Upgrade RAM
4bd6d8b0,US-East,2024-10-28 10:30:27.450013,38.26,63.53,53.75,36.02,417.03,29.08,2278,7,2024-09-05 10:30:27.450013,MacOS,312,60.84,High,0.7,6,1,Software Update
cfaead38,Asia-Pacific,2024-04-23 17:14:50.547710,52.33,59.68,50.81,16.86,292.9,38.43,2365,4,2024-02-25 17:14:50.547710,Windows,160,56.42,Medium,0.56,2,0,None
f8a53351,US-West,2024-09-30 15:29:33.989950,69.91,56.08,55.57,24.59,365.5,36.05,1100,5,2024-05-25 15:29:33.989950,Red Hat,75,73.98,Medium,0.72,4,1,Check Network
aebfa7bf,Asia-Pacific,2025-03-18 06:02:21.084625,44.75,47.73,29.5,16.99,385.33,48.02,1130,5,2024-11-12 06:02:21.084625,Windows,70,54.39,Medium,0.49,1,0,None
47d787de,Asia-Pacific,2024-10-12 18:17:21.527513,44.51,57.14,66.88,18.25,342.26,31.65,1407,7,2024-07-19 18:17:21.527513,Red Hat,347,30.21,High,0.52,2,1,None
5ecc19a4,Asia-Pacific,2024-04-19 05:07:36.750506,59.92,45.31,69.54,14.17,443.74,41.11,1245,9,2024-01-28 05:07:36.750506,Red Hat,167,33.44,Medium,0.79,6,1,Check Network
498077b8,US-East,2024-11-23 22:08:15.610696,52.8,59.95,64.61,16.91,224.14,38.38,1586,5,2024-08-16 22:08:15.610696,Red Hat,22,30.94,High,0.52,1,1,None
5bdb6785,EU-West,2025-01-15 02:10:02.325941,58.03,66.47,77.17,25.33,410.84,33.22,1469,6,2024-11-28 02:10:02.325941,MacOS,352,64.21,Medium,0.99,10,1,Software Update
e67827b9,US-West,2024-06-02 23:48:14.854483,54.13,66.1,60.01,22.94,391.1,36.27,3752,5,2023-12-12 23:48:14.854483,Windows,266,30.17,Medium,0.53,1,1,None
3d4d0d3f,US-West,2024-09-29 09:35:51.537705,43.06,67.78,76.06,12.51,329.53,58.54,4235,2,2024-09-03 09:35:51.537705,Linux,304,71.6,Medium,0.99,10,1,Replace Fan
322ff751,Asia-Pacific,2024-08-14 08:32:27.967098,8.77,46.97,59.61,18.13,285.91,36.86,3250,2,2024-04-08 08:32:27.967098,Red Hat,302,33.58,Low,0.35,2,1,None
117aa4f7,US-East,2024-05-31 07:52:22.687052,70.78,55.02,51.15,18.23,446.63,53.49,1380,12,2023-12-16 07:52:22.687052,Red Hat,178,33.21,Low,1.0,9,1,Replace Fan
096584b2,EU-West,2024-07-04 14:47:53.727807,32.87,58.32,65.12,23.99,499.51,39.65,1371,1,2024-02-28 14:47:53.727807,Linux,185,73.24,Medium,0.82,9,1,Software Update
223afa7a,Asia-Pacific,2024-11-17 05:07:48.439512,39.88,64.33,56.69,23.36,458.0,38.06,3485,6,2024-07-26 05:07:48.439512,Windows,25,51.84,High,0.53,2,0,None
3d1a5f51,Asia-Pacific,2025-02-13 23:12:06.970194,73.51,57.89,39.35,18.88,248.16,57.33,1350,9,2025-01-20 23:12:06.970194,Red Hat,94,77.06,Medium,0.77,3,0,Software Update
ecea281f,US-West,2025-02-03 16:25:53.120382,50.36,61.42,24.56,13.41,243.51,34.53,1253,7,2024-12-29 16:25:53.120382,Windows,216,45.89,Medium,0.61,3,0,Replace Disk
3edda187,Asia-Pacific,2024-10-31 04:21:17.660698,66.9,74.7,40.35,16.9,491.13,36.35,2240,7,2024-07-13 04:21:17.660698,MacOS,241,64.71,Medium,0.65,2,1,Software Update
d1181237,US-East,2024-07-31 09:27:17.628198,59.68,68.67,35.0,13.06,245.0,49.6,4045,5,2024-03-16 09:27:17.628198,MacOS,206,37.14,Medium,0.59,1,0,None
4069b5e4,US-West,2025-03-20 15:04:52.435864,56.36,81.83,42.32,19.01,385.57,50.03,2306,9,2024-09-23 15:04:52.435864,MacOS,321,23.24,High,1.0,9,1,Check Network
fcf1d4d4,Asia-Pacific,2024-06-23 04:24:17.187177,69.04,52.03,63.56,22.75,266.69,40.01,1667,1,2024-02-13 04:24:17.187177,MacOS,7,86.87,Medium,1.0,10,1,Upgrade RAM
94f59f9e,US-West,2024-08-16 11:44:10.656344,60.79,63.65,39.51,20.93,272.54,39.07,2702,6,2024-03-16 11:44:10.656344,Ubuntu Server,33,22.26,Low,0.66,3,0,Software Update
91e1b701,US-West,2025-03-12 21:52:41.026363,63.71,61.01,86.97,19.84,444.8,45.66,3065,2,2024-09-14 21:52:41.026363,MacOS,118,75.08,Medium,0.87,7,1,Check Network
1948385d,US-East,2025-01-21 00:52:33.884651,46.73,48.61,94.35,24.28,251.33,45.2,3086,5,2024-09-18 00:52:33.884651,Linux,287,72.21,Medium,0.79,7,1,Replace Disk
1f511af8,Asia-Pacific,2025-01-29 12:12:24.242368,11.18,44.57,73.02,22.17,468.73,28.96,3157,3,2024-12-10 12:12:24.242368,Red Hat,315,80.96,Medium,0.63,8,0,Replace Disk
245aa3f7,Asia-Pacific,2024-08-16 14:18:20.656860,44.28,73.29,46.29,27.69,450.31,31.77,4951,5,2024-06-02 14:18:20.656860,Linux,190,78.94,Medium,0.74,6,1,Upgrade RAM
c7ed0ae2,US-East,2024-07-19 13:52:57.271456,79.26,74.46,58.76,23.45,442.89,35.82,4393,9,2024-05-19 13:52:57.271456,Red Hat,122,65.76,Medium,0.71,2,1,Replace Disk
261f3bba,US-East,2025-03-14 21:33:50.632271,69.67,71.32,68.19,19.52,446.29,49.02,4383,10,2024-11-10 21:33:50.632271,Linux,157,53.26,High,0.81,4,1,Replace Disk
840a1164,EU-West,2024-10-21 23:34:02.099020,32.95,39.16,68.78,16.22,439.23,41.29,2980,1,2024-10-04 23:34:02.099020,MacOS,181,64.11,High,0.39,1,0,None
ac8f27af,EU-West,2025-02-08 10:47:53.806274,59.88,66.98,51.37,26.31,386.89,49.29,4750,4,2024-11-11 10:47:53.806274,MacOS,357,77.77,High,0.84,6,1,Replace Fan
048ddcd4,US-West,2024-09-02 16:54:18.867254,75.92,60.23,31.72,26.01,491.47,35.39,3525,10,2024-04-04 16:54:18.867254,Red Hat,230,82.07,Medium,0.62,1,0,Software Update
46530b21,EU-West,2024-11-23 17:20:24.283734,84.12,66.71,84.57,17.32,456.57,25.94,3132,10,2024-08-31 17:20:24.283734,MacOS,360,47.47,High,0.79,4,1,Replace Fan
b017c7df,EU-West,2024-08-21 14:46:17.626433,2.83,64.21,45.35,14.06,371.42,57.79,3482,0,2024-02-23 14:46:17.626433,Windows,207,20.18,High,0.76,9,1,Replace Disk
99ad9894,US-West,2024-06-13 08:45:00.575804,32.26,54.13,80.38,19.11,385.12,29.33,4195,5,2024-04-22 08:45:00.575804,Ubuntu Server,309,32.02,Low,0.5,3,0,None
25c3c3f9,EU-West,2024-12-01 00:20:30.927115,49.3,47.1,70.82,27.6,271.49,41.22,1383,6,2024-09-09 00:20:30.927115,Linux,358,57.18,High,0.74,6,1,Replace Disk
a4000d73,EU-West,2024-07-31 03:15:53.220964,69.52,70.09,44.0,18.51,404.01,46.94,1069,8,2024-04-16 03:15:53.220964,MacOS,270,73.35,High,0.84,5,1,Replace Disk
2196f1cb,EU-West,2024-05-20 11:52:49.999996,59.23,78.43,20.47,12.21,227.21,50.25,3858,5,2023-11-30 11:52:49.999996,MacOS,43,75.28,Low,0.81,5,0,Software Update
7b20f99a,US-West,2024-05-02 03:52:35.536294,55.62,60.25,50.22,22.48,475.53,52.36,4723,9,2024-02-19 03:52:35.536294,Windows,214,60.15,High,0.69,3,1,Software Update
0126085e,US-East,2024-08-05 09:38:03.514558,33.14,63.3,42.03,19.67,463.68,27.88,3930,2,2024-05-07 09:38:03.514558,Windows,187,32.38,High,0.5,3,0,None
88fe84b4,US-West,2024-11-13 05:27:39.585491,38.86,52.01,72.39,19.37,398.96,36.19,4371,7,2024-05-17 05:27:39.585491,Ubuntu Server,281,27.54,Low,0.45,1,1,None
7115123d,US-West,2024-03-27 08:08:58.665118,55.81,78.56,27.09,18.68,344.32,35.79,2920,8,2023-10-01 08:08:58.665118,Red Hat,58,68.41,Low,0.92,8,1,Upgrade RAM
27f63d08,US-West,2024-10-21 07:36:23.022858,59.13,62.17,35.52,17.19,284.18,39.28,2909,7,2024-07-04 07:36:23.022858,Windows,292,50.19,High,1.0,10,1,Check Network
537e77d2,EU-West,2024-07-18 20:44:28.663853,18.3,53.05,89.46,19.7,358.48,42.19,1211,2,2024-06-08 20:44:28.663853,MacOS,11,30.63,Low,0.76,9,1,Upgrade RAM
696da43a,Asia-Pacific,2024-08-23 01:38:22.877100,69.79,54.6,24.7,13.08,398.82,36.04,1136,5,2024-03-22 01:38:22.877100,Windows,162,74.93,Low,0.92,8,1,Check Network
37781aeb,US-East,2024-04-29 06:53:22.525135,58.42,73.22,51.79,17.42,334.82,49.23,2977,3,2024-02-18 06:53:22.525135,Ubuntu Server,201,75.48,High,0.64,2,0,Check Network
b6752f8e,EU-West,2024-11-02 03:35:56.974824,43.14,80.13,21.04,11.36,223.57,62.68,2266,3,2024-09-17 03:35:56.974824,Ubuntu Server,130,58.84,High,1.0,10,1,Upgrade RAM
50bca5b5,Asia-Pacific,2025-03-15 02:52:51.501199,26.17,66.42,75.55,25.66,332.89,32.48,3622,1,2025-02-05 02:52:51.501199,MacOS,26,20.13,Low,0.79,9,1,Replace Fan
d68607fb,Asia-Pacific,2024-07-12 02:39:29.329863,58.52,68.69,83.08,12.26,372.39,45.17,3074,3,2024-06-03 02:39:29.329863,MacOS,343,76.32,High,0.67,3,0,Check Network
5867584e,EU-West,2024-06-21 12:59:05.624064,46.5,60.98,72.57,23.8,312.05,45.15,3592,7,2024-02-18 12:59:05.624064,Linux,171,28.81,High,0.57,2,1,None
71f6840d,US-East,2024-12-27 22:49:48.986056,46.79,52.78,74.91,14.48,333.92,25.17,1149,3,2024-09-12 22:49:48.986056,Red Hat,192,33.76,High,0.83,9,1,Replace Disk
7c75bdef,Asia-Pacific,2024-05-01 17:40:10.608197,43.08,59.95,88.68,16.12,476.54,30.58,2755,5,2023-12-27 17:40:10.608197,Red Hat,247,78.59,Medium,0.8,8,1,Software Update
42a30040,US-East,2024-09-12 18:47:57.838599,76.93,55.15,92.44,20.68,280.94,49.01,4555,10,2024-08-31 18:47:57.838599,MacOS,74,75.92,High,1.0,10,1,Upgrade RAM
79a2fc22,Asia-Pacific,2025-01-06 16:00:24.468950,46.87,58.44,22.86,20.07,446.53,35.87,3175,6,2024-11-24 16:00:24.468950,Windows,31,33.21,Medium,0.59,3,1,None
1bc7e4c6,US-East,2024-06-15 00:49:02.758429,46.51,60.46,50.3,17.21,425.03,34.17,2951,6,2024-02-24 00:49:02.758429,Linux,134,60.0,Low,0.93,10,1,Replace Fan
d69161ad,EU-West,2025-01-16 05:15:23.662167,45.71,41.53,29.22,23.05,406.67,36.83,1889,3,2024-09-25 05:15:23.662167,MacOS,301,74.99,Low,0.59,4,1,None
6681813f,US-West,2025-03-21 03:52:20.023732,48.44,69.25,44.74,23.07,313.59,28.65,3626,3,2025-01-15 03:52:20.023732,Linux,78,54.33,Low,0.73,6,0,Upgrade RAM
4aa93bb8,EU-West,2024-06-12 14:32:40.465264,51.46,59.52,94.15,26.28,392.23,39.96,4880,4,2024-01-16 14:32:40.465264,Ubuntu Server,40,27.07,Medium,0.66,4,0,Software Update
98afd956,Asia-Pacific,2025-01-12 18:46:34.899503,31.14,73.05,33.69,30.8,497.55,37.48,3368,3,2024-10-16 18:46:34.899503,Ubuntu Server,131,22.64,Low,0.7,6,0,Replace Fan
59243a05,EU-West,2024-09-25 16:51:09.291729,63.23,68.88,22.33,12.64,341.34,39.55,2904,3,2024-04-12 16:51:09.291729,MacOS,358,28.83,Medium,0.97,9,1,Replace Fan
af4dc4da,US-West,2024-11-17 06:02:43.109216,71.43,41.98,73.23,19.02,295.81,24.84,4747,9,2024-10-09 06:02:43.109216,Red Hat,316,61.99,Low,0.53,1,1,None
6acf4dcb,EU-West,2025-03-12 13:35:40.058133,51.98,78.26,20.43,13.45,232.55,49.56,1494,7,2024-12-08 13:35:40.058133,Linux,288,39.06,High,0.64,2,1,Replace Fan
f54ceb02,US-West,2024-04-13 16:02:26.781832,34.28,81.41,78.37,15.53,294.17,44.78,3450,8,2023-11-22 16:02:26.781832,Windows,3,66.7,Medium,0.97,10,1,Replace Disk
2f96c993,Asia-Pacific,2025-02-02 00:29:22.925725,48.03,61.48,29.1,19.52,499.08,47.04,4294,4,2024-11-11 00:29:22.925725,Red Hat,22,74.71,Medium,0.87,8,1,Software Update
479dde5c,US-East,2024-05-29 08:37:30.104104,54.73,65.55,53.0,11.56,209.96,40.24,3224,1,2024-03-04 08:37:30.104104,Windows,125,68.57,High,0.72,5,1,Software Update
a19db2c5,US-West,2024-09-26 10:29:16.298689,60.45,56.04,62.64,16.08,334.57,44.27,1140,5,2024-08-01 10:29:16.298689,MacOS,199,60.66,Medium,0.81,6,1,Software Update
beca2bdd,US-East,2024-11-18 12:20:07.811605,56.46,45.43,50.67,28.17,451.4,42.19,3607,4,2024-09-12 12:20:07.811605,Linux,22,63.26,High,0.96,10,1,Replace Disk
5526cdd4,Asia-Pacific,2024-04-14 03:38:28.692308,67.82,49.55,89.5,15.59,225.13,51.04,2874,8,2024-03-12 03:38:28.692308,MacOS,283,44.82,High,0.91,7,1,Upgrade RAM
6abfdfdf,US-West,2024-08-02 16:00:33.385474,33.07,59.48,72.08,23.49,393.88,27.9,2314,6,2024-05-22 16:00:33.385474,Ubuntu Server,39,52.13,High,0.71,7,1,Replace Disk
4510ae08,Asia-Pacific,2024-05-07 23:00:07.110986,55.0,73.33,40.34,14.36,467.21,51.0,4876,5,2023-12-06 23:00:07.110986,Red Hat,294,70.81,High,0.59,1,1,None
e17521f8,US-West,2024-06-25 06:56:32.978290,57.56,62.15,77.6,22.04,385.41,26.75,2565,9,2024-02-19 06:56:32.978290,Red Hat,335,55.76,Medium,0.67,4,1,Replace Disk
6ccd6e7c,US-West,2024-07-22 06:58:06.217147,34.95,71.81,34.91,26.18,260.94,23.07,4102,3,2024-04-15 06:58:06.217147,Red Hat,137,79.17,Medium,0.61,5,0,Check Network
ad7fda3b,EU-West,2024-11-09 02:32:53.700845,68.23,49.2,80.23,15.34,358.09,38.71,3935,4,2024-05-28 02:32:53.700845,Linux,267,73.92,Low,1.0,10,1,Software Update
2bf5a635,US-West,2024-04-17 21:55:48.002157,21.01,52.7,21.11,24.9,457.65,35.59,1794,0,2024-04-09 21:55:48.002157,Windows,202,31.7,Medium,0.35,1,0,None
24915eaf,Asia-Pacific,2024-04-14 03:58:02.871527,46.93,63.25,75.97,16.9,220.01,48.26,1436,2,2024-02-03 03:58:02.871527,MacOS,312,75.74,High,0.57,2,1,None
3c2fc45a,Asia-Pacific,2025-01-12 03:06:13.493290,49.84,55.69,49.37,30.08,354.88,28.77,3091,8,2024-09-02 03:06:13.493290,Red Hat,148,65.26,Low,0.53,2,1,None
0a44f3b5,US-East,2024-07-22 11:01:37.464949,38.19,62.57,29.86,31.56,383.07,39.42,3797,4,2024-03-22 11:01:37.464949,Windows,12,50.2,Medium,0.91,10,1,Upgrade RAM
8fefdb71,US-West,2025-01-04 02:54:13.726467,34.06,57.49,36.63,27.54,236.05,33.45,4580,1,2024-11-13 02:54:13.726467,Windows,274,44.14,Medium,0.46,2,1,None
36288c41,US-West,2024-04-10 10:58:56.310079,27.27,68.0,93.03,28.35,274.77,46.72,4635,3,2024-01-15 10:58:56.310079,Ubuntu Server,218,37.67,Medium,0.7,6,1,Check Network
a0ec3952,EU-West,2024-07-30 10:06:26.668492,55.03,58.6,62.55,6.75,337.52,30.3,2866,6,2024-03-02 10:06:26.668492,Ubuntu Server,334,47.31,Medium,0.9,9,1,Replace Fan
c96a4766,Asia-Pacific,2024-05-14 01:03:28.364008,50.67,55.52,69.56,20.36,236.36,30.96,1124,3,2024-01-15 01:03:28.364008,MacOS,249,69.73,Medium,0.62,4,1,Replace Disk
86bdfa2e,Asia-Pacific,2024-07-26 03:17:50.282223,61.82,54.12,58.57,15.38,246.56,32.66,2475,3,2024-06-15 03:17:50.282223,Linux,79,30.34,High,0.77,6,0,Check Network
7113e26d,EU-West,2024-05-06 00:43:06.550659,48.27,49.53,87.39,17.65,267.49,30.09,4585,5,2024-01-18 00:43:06.550659,Red Hat,36,60.5,Low,0.6,4,1,None
387fc508,EU-West,2024-11-19 01:30:16.575904,46.36,40.42,79.05,16.78,490.69,41.47,1693,2,2024-11-14 01:30:16.575904,MacOS,289,29.39,High,0.85,9,1,Software Update
